name,prefecture,city,website,url,rating,review_count,latitude,longitude,place_id,registered_date
Bánh mì nguyễn,Hokkaido,札幌市,,,5.0,5,43.0593454,141.3135854,ChIJGcwX9BQlC18RtCcf704X_Zo,2024-05-16
サイゴンフレッシュ ポールタウン店,Hokkaido,札幌市,,,4.6,96,43.0564289,141.3530917,ChIJNzsGNYMpC18Ro3dxPKhOqDM,2024-05-16
ベトナムゴハン チリン堂,Hokkaido,札幌市,,,4.4,149,43.0495262,141.3555736,ChIJURuf-ScqC18Rsjfyx2xl3XQ,2024-05-16
ホア セン レストラン,Hokkaido,札幌市,,,4.6,182,43.0516513,141.3545714,ChIJfwyYxrUpC18R3v9nBQoTcIY,2024-05-16
バインミー サイゴンフレッシュ 本店,Hokkaido,札幌市,,,4.5,145,43.0573518,141.339118,ChIJlzuRLkgpC18RIhVYmxMQXWE,2024-05-16
banh mi cam on,Hokkaido,札幌市,,,4.7,20,43.08651620000001,141.320199,ChIJOR8L8CIpC18RSKzfk0z_hm4,2024-05-16
フォースミー,Hokkaido,札幌市,,,4.0,22,43.1195359,141.2443205,ChIJRZENn00nC18RUxza84TqYjY,2024-05-16
バインミイーハノイ (Banhmi Hanoi),Hokkaido,室蘭市,,,3.0,3,42.3523789,141.0212984,ChIJNQo_NJ3bn18R8h5J2mXasoc,2024-05-16
ロブ・フォートンズ,Aomori,八戸市,,,3.9,349,40.5113964,141.4933529,ChIJbwrnRQ5Sm18RKIA6o1kotBY,2024-05-16
バインミーバーバー下北沢店,Tokyo,世田谷区,,,4.6,380,35.6628814,139.6657317,ChIJQbAhX2vzGGARxLGJixHGjMU,2024-05-16
三ッ星製パン,Aomori,青森市,,,4.1,83,40.8272523,140.7354007,ChIJH0_g6B6fm18Rd7jXS5HmQiI,2024-05-16
ひまわりベーカリー,Aomori,青森市,,,3.8,11,40.8536854,140.6966751,ChIJ454l79-Ym18RYPsyVH9A1Yk,2024-05-16
THAO’S BANH MI,Kanagawa,川崎市,,,4.4,388,35.5655398,139.6548893,ChIJu1Q2KIFfGGARRrm1T90e5c8,2024-05-16
バインミー☆サンドイッチ,Tokyo,渋谷区,,,4.5,13,35.6683371,139.7048337,ChIJAWhhFACNGGARLhqNOzFV6TM,2024-05-16
バインミー☆サンドイッチ,Yamaguchi,新宿区,,,4.3,620,35.7132389,139.7031536,ChIJ4WsksjmNGGARbYc4nN6_D4c,2024-05-16
バインミーシンチャオ,Shimane,新宿区,,,4.2,444,35.7126653,139.7005539,ChIJVVVQnDeNGGAR3f6E8Pf80CM,2024-05-16
BANH MI XIN CHAO SHINSAIBASHI バインミーシンチャオ心斎橋店,Osaka,大阪市,,,4.1,185,34.6742769,135.50194,ChIJz3qTvj3nAGARx-4Q1hFfmts,2024-05-16
BANH MI STAR SHIBUYA by Nha Viet Nam,Ibaraki,渋谷区,,,4.4,162,35.6573623,139.7026629,ChIJF5u_0nOLGGARdSt0zkorIGY,2024-05-16
ル・ボヌール,Aomori,藤崎町,,,4.3,58,40.6549433,140.5028203,ChIJueV2_MoAm18RP0iH6AYX-7w,2024-05-16
BANH MI NGON NGON TAKADANOBABA,Shimane,新宿区,,,4.1,269,35.7124601,139.7003927,ChIJy-8QfjuNGGARtHvYyzdmOLg,2024-05-16
EBISU BANH MI BAKERY,Shimane,渋谷区,,,4.4,405,35.6479071,139.7102118,ChIJN2bssEGLGGAR7fv82tmiqJE,2024-05-16
いわて銀河プラザ,Iwate,中央区,,,4.1,1619,35.6684742,139.7676839,ChIJn3pZU-eLGGARVSDJRP96li0,2024-05-16
いわて,Iwate,文京区,,,0.0,0,35.728561,139.7637153,ChIJ5egWy9GNGGARramJX-hLFqg,2024-05-16
BANH MI XIN CHAO NAGOYA,Aichi,名古屋市,,,4.2,161,35.1722409,136.9115925,ChIJh0eJzQNxA2ARlRkQR0oIulw,2024-05-16
shop in 溝の口ノクティプラザ店,Iwate,川崎市,,,3.3,9,35.5988705,139.6120742,ChIJXRjLASf0GGAR7H-deGLcRmw,2024-05-16
盛岡横丁,Iwate,盛岡市,,,3.8,139,39.7038993,141.1477135,ChIJAZymtzp2hV8RM42boSGXLHI,2024-05-16
麻布Lasen,Iwate,港区,,,4.3,138,35.6573003,139.7322818,ChIJbW5dIZ6LGGARcaJ8e8o9LVw,2024-05-16
本格ベトナム料理 PHO VIET NAM,Miyagi,仙台市,,,4.1,156,38.2654881,140.8828301,ChIJb1Yacaspil8R7iRy-L3Hpw0,2024-05-16
ハローベトナム,Miyagi,仙台市,,,3.9,94,38.26437809999999,140.8713639,ChIJl_Tqa9kpil8RrF7H9PLnMFo,2024-05-16
フォー98,Miyagi,仙台市,,,4.1,27,38.2652107,140.8830258,ChIJifUYPBwpil8Ryj92V6DzQeo,2024-05-16
BB Vinmart siêu thị hàng việt,Miyagi,仙台市,,,4.0,4,38.2655565,140.8831893,ChIJAY2sKaiHiV8RYYNBnKzOu1M,2024-05-16
Minishop viet nam'cua hang đồ ăn vn',Miyagi,N/A,,,4.0,9,38.2705472,140.8862683,ChIJzwm3JduHiV8RyhGG5Te9IKs,2024-05-16
Cho Lon（チョロン）,Miyagi,仙台市,,,4.0,226,38.2590454,140.8719592,ChIJP96Vyz0oil8RB3CDgJ7T-lo,2024-05-16
TIỂU MÈ QUÁN,Miyagi,仙台市,,,4.2,28,38.2576047,140.8787907,ChIJuTNxXlEpil8Rrj3LEDAZX_g,2024-05-16
バインミー３２９ Bánh mì 329,Yamagata,山形市,,,4.9,47,38.2555117,140.338506,ChIJqfCadcS3i18RcOz7dcJiG8U,2024-05-16
ベトナム料理 LANG VIET QUAN,Miyagi,仙台市,,,4.3,23,38.25799749999999,140.8723637,ChIJf-eSywApil8Rmvl60eJMoQU,2024-05-16
ザイトゥーン,Miyagi,仙台市,,,4.6,135,38.25300660000001,140.883836,ChIJAQCw2hEoil8R4F_jpTPku40,2024-05-16
Amazon ロッカー - バインミー,Fukushima,伊達市,,,0.0,0,37.8581665,140.6055236,ChIJ3QPyG2xlil8Rjqb6f7oUR_k,2024-05-16
maison cœlacanthe(メゾン シーラカンス),Miyagi,仙台市,,,4.0,257,38.258614,140.875006,ChIJUT3cIWApil8RbuC8RTJFDec,2024-05-16
アペロと僕と、東根小屋町,Akita,秋田市,,,4.1,7,39.714464,140.1226032,ChIJtQT3p5vDj18RGtDc4L-X7Qw,2024-05-16
KOMSTORE (コムストア),Akita,秋田市,,,4.7,3,39.6751146,140.0905824,ChIJc_eojp3Dj18RALJnIHVhs3s,2024-05-16
チャミィ,Akita,秋田市,,,0.0,0,39.7135985,140.1145287,ChIJ2ZF7y-jCj18RrqcI7DddIM8,2024-05-16
秋田比内地鶏や,Akita,秋田市,,,3.9,727,39.7168485,140.129136,ChIJNxVkvJPCj18Rj_-lLG7rbvI,2024-05-16
秋田生スパゲッティ ジャパリアーノ,Akita,秋田市,,,3.7,37,39.7007919,140.1094841,ChIJ7_72nYbDj18RIG1s7m-hteU,2024-05-16
秋田オーパ,Akita,秋田市,,,3.5,875,39.7178406,140.128159,ChIJ99CQl5PCj18RM--zKxeFRwo,2024-05-16
chaochi,Fukushima,福島市,,,4.2,101,37.7553863,140.4671517,ChIJTcmmVs6Fil8RSPmCz3YwvL0,2024-05-16
HÀO NGUYÊN(ハオ グエン),Fukushima,二本松市,,,4.4,95,37.60511899999999,140.3564725,ChIJX0V535uDGGARwVmzxg3juQY,2024-05-16
Bánh Mì Xin Chào,Tokyo,豊島区,,,3.9,140,35.7303444,139.7151945,ChIJK11a8WaNGGARXFvRvhXeaWc,2024-05-16
バインミーバーバー中目黒,Tokyo,目黒区,,,4.5,113,35.6429091,139.6987712,ChIJkzfk_3KLGGAREJiMNn21DTQ,2024-05-16
ベトナムサンドイッチバインミー中野店,Tokyo,中野区,,,4.5,26,35.7054592,139.6680788,ChIJNQXFRBXzGGARkX60orkd3_A,2024-05-16
バインミーシンチャオ 中野店,Tokyo,中野区,,,4.3,31,35.7054578,139.6680867,ChIJ2TaI-__zGGARdL5piLKBBaQ,2024-05-16
バインミーリエン,Kanagawa,世田谷区,,,5.0,2,35.5962112,139.6761351,ChIJXbTZHgD1GGARZHpCkzyo_gM,2024-05-16
バインミーバイミー,Tokyo,杉並区,,,4.8,52,35.70508770000001,139.6469223,ChIJ6dL8k-LzGGAR3enEwp_8Z9E,2024-05-16
バインミーバーバー 吉祥寺店,Tochigi,武蔵野市,,,4.6,79,35.7025172,139.5790211,ChIJPS3NOivvGGAR7emNdFbJ_yk,2024-05-16
バインミー☆サンドイッチ 吉祥寺北口店,Tochigi,武蔵野市,,,4.5,37,35.7038935,139.5790042,ChIJzZazMvbvGGARD0r27I-poiA,2024-05-16
Saigon 究,Kanagawa,川崎市,,,4.7,224,35.6324193,139.5355194,ChIJi9DZwbnxGGARbaSW1DMsjPg,2024-05-16
ベトナム料理店ソンソン(SONSON),Kanagawa,川崎市,,,4.5,82,35.60346880000001,139.5181915,ChIJVUztR537GGARVIlbb9F-WkI,2024-05-16
ハノイのホイさん,Ibaraki,渋谷区,,,3.9,423,35.656192,139.700832,ChIJVxf0XFeLGGARIL64r2Bg6wc,2024-05-16
ベトナム料理Banh Mi MinhMinh バインミー ミンミン,Kanagawa,川崎市,,,3.8,30,35.5268869,139.6982003,ChIJ9QvGQtRhGGARUV-Ay_gkefQ,2024-05-16
スタンドバインミー,Tokyo,目黒区,,,4.3,259,35.628886,139.6877641,ChIJscnwk-31GGARsrEUGxUNqeQ,2024-05-16
BANH MI XIN CHAO KAMATA バインミーシンチャオ蒲田店,Tokyo,大田区,,,3.9,77,35.5647655,139.7144641,ChIJJ1Clmr5hGGARk8wZEWfvUgY,2024-05-16
アンディー,Ibaraki,世田谷区,,,4.3,145,35.6348202,139.6121113,ChIJtVGOHePzGGARV5nR0bMfjww,2024-05-16
YADOMEN,Tochigi,栃木市,,,4.6,18,36.3792967,139.7313739,ChIJ6X6alqBHH2ARHMowoPitVsk,2024-05-16
VICTORY OYAMA,Tochigi,小山市,,,4.7,13,36.3168059,139.8010057,ChIJARhx7ilPH2AR-OG8XtPr2Qc,2024-05-16
Banh mi Cafe HOAHOA (バインミーカフェ HOAHOA）,Tochigi,品川区,,,4.3,4,35.6202611,139.7087084,ChIJ2WFu2zaLGGARekBaG_NJRZ0,2024-05-16
MIKA バインミー オフィス（Mika bánh mì）,Saitama,N/A,,,4.5,55,35.7904285,139.654858,ChIJI-R8g2ONGGARTGNoWyfTMQ4,2024-05-16
ベトナムバインミー三ツ沢下町店BÁNH MÌ VIỆT NAM,Kanagawa,N/A,,,4.4,46,35.4763652,139.6145326,ChIJrXIGQwpdGGARCFPEyoYKd0U,2024-05-16
思川食堂,Tochigi,小山市,,,4.1,95,36.3485767,139.7814245,ChIJZ-Ibp1dPH2AROq-LFLiZhj0,2024-05-16
ベトナム料理 バインセオサイゴン新宿 Vietnamese Restaurant Banh Xeo Saigon Shinjuku,Tokyo,新宿区,,,3.7,814,35.6904509,139.7020712,ChIJb12ZZNqMGGARy-66vDRD8uE,2024-05-16
Bánh Mì Xin Chào,Gunma,太田市,,,4.7,20,36.29337599999999,139.3990887,ChIJP4l7ZiMhH2ARA3JAF7n-LTc,2024-05-16
Quán bánh mì vn,Gunma,伊勢崎市,,,3.0,4,36.3013423,139.1878968,ChIJm1b_DVDpHmARJknCSUItOQQ,2024-05-16
ベトナム料理 デリイチ,Gunma,N/A,,,4.1,154,36.3014563,139.1879902,ChIJ_SyOLJLoHmARgRjj5-2FRrc,2024-05-16
ベトナムサンドイッチ DZO DZO ヨーヨー お持ち帰り専門店,Gunma,N/A,,,4.5,10,36.422242,139.349059,ChIJrx42YWbiHmARtws2nlBlgk0,2024-05-16
ベトナム料理 ミン ニヤット レストラン(伊勢崎店),Gunma,伊勢崎市,,,4.7,38,36.3136246,139.183448,ChIJQUzSeK3pHmARnBnyiZ4gSD8,2024-05-16
Anh Yến Quán,Gunma,館林市,,,3.0,2,36.2434327,139.5139026,ChIJZW1rf9klH2ARvv9RfdqtAyw,2024-05-16
Minh Nhật quán ミンニャット,Gunma,大泉町,,,4.4,34,36.26067690000001,139.3960063,ChIJ95mMDpQnH2ARqtqJgYv7ZjI,2024-05-16
Chợ việt takasaki,Gunma,高崎市,,,4.5,13,36.3191458,139.0110896,ChIJFSyi0CqTHmARJEW_LHvxnsk,2024-05-16
Bánh Mì Xin Chào,Saitama,川口市,,,4.3,52,35.8324911,139.687969,ChIJIxOssHnrGGARhAnMf3Yxkqw,2024-05-16
バインミーバーバー川越店 Bánh Mì Bà Ba kawagoe,Saitama,川越市,,,4.8,82,35.9146002,139.4830906,ChIJh6Sl7fvbGGARrJdyQyj4n6E,2024-05-16
Banh mi ngon ngon warabi,Saitama,川口市,,,4.4,33,35.8301873,139.6892067,ChIJK2jRsZjrGGARA6lrJvdipIw,2024-05-16
ベトナムレストランフォン リ,Saitama,さいたま市,,,4.2,170,35.9072046,139.6256484,ChIJndcGKVDBGGARzP_RlG9yYDk,2024-05-16
バインミー太陽 BÁNH MÌ TAIYO,Saitama,吉川市,,,4.4,70,35.8762564,139.8430331,ChIJZxwR64WXGGARP_YOzqnhvNg,2024-05-16
Hoang Vinh bánh mỳ-trà sữa,Saitama,さいたま市,,,4.5,25,35.8578155,139.6592212,ChIJkd1e7yTrGGARrAz0eX87n1E,2024-05-16
ハローサイゴン 埼玉店,Saitama,さいたま市,,,4.5,49,35.9281265,139.6688559,ChIJO5gs-1jBGGAROTbBv92Gk6Q,2024-05-16
ジャスミンパレス 大宮店,Saitama,さいたま市,,,4.0,351,35.9049795,139.6219597,ChIJ-y2c_kLBGGARrQjzyC1dURc,2024-05-16
Bánh mì,Saitama,毛呂山町,,,0.0,0,35.9451728,139.3061532,ChIJ_-PB8N8rGWARqBbPkWynNiI,2024-05-16
ベトナム屋台料理ファンフォー (quán việt nam) phan phở,Saitama,鶴ヶ島市,,,4.2,185,35.9365396,139.4220004,ChIJJ1mZ3HjXGGARnBlkXh0sVBQ,2024-05-16
ベトナム料理 PHO HIENレストラン,Saitama,坂戸市,,,4.8,67,35.974842,139.3931878,ChIJESLxOyLVGGARFHTwUacUN9Q,2024-05-16
bakery yui(旧ユイバインミー),Saitama,川口市,,,4.5,55,35.8565728,139.7060288,ChIJAc2dNwOVGGARPtnm7le5bpA,2024-05-16
ベトナム屋台料理 ファン フォー/quán việt nam,Saitama,鶴ヶ島市,,,4.3,3,35.93665319999999,139.4218416,ChIJJ8KmseTXGGARgwXKAAGLt1Y,2024-05-16
SOMO QUAN 南大塚店,Saitama,川越市,,,4.6,46,35.8907314,139.4541256,ChIJgbRec8nbGGARwhHpjILsZCg,2024-05-16
BANH MI XIN CHAO MATSUDO バインミーシンチャオ松戸店,Chiba,松戸市,,,4.2,81,35.7837922,139.9023809,ChIJywpR7feFGGARi3iX2KB7lng,2024-05-16
バインミー シンチャオ 浅草店,Tokyo,台東区,,,4.3,393,35.7101788,139.7978598,ChIJFXFnLw2PGGAR3TVjYY6Byr0,2024-05-16
バインミーモチ,Chiba,千葉市,,,4.3,43,35.615927,140.1144254,ChIJjz3iY5eFImARCqgJncl8Hnw,2024-05-16
Min Min Milk Tea -Food,Chiba,千葉市,,,4.5,41,35.6098417,140.1105951,ChIJSTh45CuFImARTKj4VeNmhoY,2024-05-16
BANH MI BA AN(バインミー バ アン),Chiba,八千代市,,,0.0,0,35.7149711,140.1256287,ChIJOQnsW9OHImARjQlmvBtzSzM,2024-05-16
バインミーゴンゴン船橋,Chiba,船橋市,,,4.3,95,35.7011299,139.988254,ChIJeywfwuF_GGAReUaiEXEgxRw,2024-05-16
ジャスミンパレス 千葉そごう店_ベトナム料理,Chiba,N/A,,,3.6,212,35.6113192,140.1136834,ChIJ75ff8UqFImARIZpNrTsvtSA,2024-05-16
Tũn jp (Thực Phẩm Xịn Sò),Chiba,N/A,,,5.0,2,35.615902,140.1144573,ChIJuWf8n32FImARy_zkM_LdCVI,2024-05-16
バインミーゴンゴン 新小岩店,Chiba,葛飾区,,,4.3,98,35.71360020000001,139.8618584,ChIJs4xrf0uHGGARkJqGsAJmvyk,2024-05-16
バインミー☆サンドイッチ 水道橋東口店,Tokyo,千代田区,,,4.2,265,35.7013156,139.7556301,ChIJw0AFtD-NGGARnpptuPy-Zc4,2024-05-16
BANH MI NGON NGON OKUBO(バインミーゴンゴン 大久保店),Tokyo,新宿区,,,4.0,162,35.7009684,139.6970106,ChIJ6YzL1vONGGARGPPB_sRzmlw,2024-05-16
バインミーサンドイッチ神保町店,Tokyo,千代田区,,,4.5,51,35.6960762,139.7562785,ChIJSUtVU-mNGGAR7Q_BobNqLS8,2024-05-16
nicoバインミー,Tokyo,中央区,,,4.3,109,35.687079,139.7783384,ChIJJwM08VOJGGARm8p39GMrvyo,2024-05-16
BANH MI XIN CHAO NIHONBASHI バインミーシンチャオ日本橋店,Tokyo,中央区,,,3.9,36,35.686781,139.7747475,ChIJ8XbIXxyJGGARs-ZvwTVr8Gs,2024-05-16
ハノイ町 バインミー・フォー 蔵前店,Tokyo,台東区,,,4.6,182,35.7056403,139.7935581,ChIJaWy4_T6PGGARH3VGwx848kw,2024-05-16
BANH MI CAMちゃん,Kanagawa,横浜市,,,4.5,32,35.4377442,139.6276231,ChIJS406MxxdGGARgLVUU8BNLyQ,2024-05-16
バインミーパテ ベトナムサンドイッチ,Kanagawa,茅ヶ崎市,,,4.5,63,35.3399088,139.4394374,ChIJtV03_thTGGARz0HeFSQxCmw,2024-05-16
BÁNH MÌ VIỆT,Kanagawa,横浜市,,,4.4,131,35.4324879,139.4757654,ChIJx8FiasVWGGARgpnwQE1uZso,2024-05-16
シクロバインミー(CYCLO banh mi)CIAL横浜店,Kanagawa,N/A,,,3.2,65,35.46681969999999,139.6224178,ChIJnYYaQqJdGGARABjyM0VtkD8,2024-05-16
ベトナム料理 フジマルサイゴンプロパガンダ,Kanagawa,川崎市,,,4.5,109,35.5964967,139.6131853,ChIJKYy-X6z1GGARRP7TtPAC-Aw,2024-05-16
ＢＡＮＨ　ＭＩ　ＰＨＯ,Kanagawa,横須賀市,,,0.0,0,35.2822501,139.6677924,ChIJr0bfZnRAGGAR8YGTPROX2I8,2024-05-16
グエン バインミー ( NGUYỄN BÁNH MÌ ),Kanagawa,N/A,,,5.0,5,35.4061901,139.5962149,ChIJK_PiTR9bGGARF7vmRnj9e9U,2024-05-16
神奈川最古のベトナム料理専門店 サイゴン キムタン 川崎本店 Since2000,Kanagawa,川崎市,,,4.0,345,35.5294455,139.7018129,ChIJ-W9O6LxgGGARa5AFRSL0Xqg,2024-05-16
ラトリエ ドゥ スタンドバインミー,Kanagawa,目黒区,,,4.2,48,35.6092596,139.6705232,ChIJnbImxpj1GGARcxZeJGlUsRw,2024-05-16
ゴンゴン,Kanagawa,川崎市,,,4.9,98,35.5285451,139.6984662,ChIJsfIGwjZhGGARMAwkMFqVgYQ,2024-05-16
CO BAY,Kanagawa,N/A,,,4.6,66,35.4702528,139.4359926,ChIJJwgDIApVGGARLDusRfWnvSg,2024-05-16
Nha Viet Nam premier 二子玉川店,Kanagawa,世田谷区,,,3.6,178,35.6128882,139.6266197,ChIJMQt7VxT0GGAR3rX5-i5aTA4,2024-05-16
新潟バインミーサンドイッチ Vui x gioia,Niigata,新潟市,,,3.6,51,37.9135488,139.0623172,ChIJi5AECFLJ9F8RmL7cGpOpIRA,2024-05-16
ローアンプラー,Niigata,新潟市,,,4.3,43,37.7972236,139.1220556,ChIJN9pm_0rb9F8RefDb2-K84wM,2024-05-16
ベトナム喫茶店カフェフィン,Niigata,新潟市,,,4.7,97,37.909155,139.0647043,ChIJQ0jG9r3J9F8ROYFF7zZ6cjs,2024-05-16
VIETNAM’S KITCHEN,Toyama,富山市,,,4.2,56,36.7158936,137.2492785,ChIJVdI8IkiX918Rley96aVdQB4,2024-05-16
ティエン・コム・ベトナム,Toyama,富山市,,,4.3,227,36.6590987,137.2026178,ChIJLd33ftaR918RE6Y-RVWbT7k,2024-05-16
ベトナム料理•雑貨•ファッション アオザイ,Toyama,富山市,,,2.8,57,36.6746101,137.2371349,ChIJpSwEHuyR918RIN4eCn05zmk,2024-05-16
ベトナム食材店,Toyama,富山市,,,0.0,0,36.7304577,137.2394486,ChIJv7UzIVeZ918R9WKzl-_taIY,2024-05-16
タンロンレストラン,Toyama,射水市,,,4.0,78,36.7215567,137.093105,ChIJCe9HT2yb918RKO-97EpTfTU,2024-05-16
Bếp Của Mẹ ベトナム料理専門店,Toyama,N/A,,,4.3,57,36.7187308,137.0906208,ChIJebt2SJqb918RMoxkr2LoX50,2024-05-16
ベトナムカフェ 1992’s バインミー&ドリンク,Toyama,N/A,,,4.5,48,36.6945793,137.2168742,ChIJ37zL7q-R918ReRFjN1a8FXk,2024-05-16
Rồng Việt Quán - ロンヴェツト店,Ishikawa,金沢市,,,4.4,37,36.5843606,136.6521398,ChIJTXaX2AQz-F8RersdvMPvK9o,2024-05-16
FOODVn - X3,Ishikawa,金沢市,,,4.8,480,36.5802369,136.6473659,ChIJ6yZCPnwz-F8Rhan6uKDk3JQ,2024-05-16
Quan an Vietnam ムサク☆,Ishikawa,N/A,,,4.2,115,36.534914,136.6084879,ChIJ8XlC_KQ1-F8R91_j26OhmYU,2024-05-16
そみちゃん ベトナムレストラン,Ishikawa,Komatsu shi,,,4.2,35,36.3953716,136.4510183,ChIJbcNd1aBR-F8RGve5GjSfJt4,2024-05-16
Betofumi (ベト風味)-ベトナムカフェ,Ishikawa,能美市,,,4.9,131,36.45180089999999,136.4578911,ChIJY76vIGJN-F8Rq2AM5Y7CeMI,2024-05-16
Ha Noi Pho,Ishikawa,小松市,,,4.4,36,36.3980419,136.4462146,ChIJS1Bew7NR-F8RVHnk0bTcfNs,2024-05-16
ベトナム食材 アンの店,Ishikawa,白山市,,,4.6,7,36.5229115,136.5672983,ChIJrwqZMlBL-F8RaS461Ad5nP0,2024-05-16
べっからいあいんしゅりっと Bäckerei Ein Schritt,Ishikawa,金沢市,,,4.1,91,36.5385163,136.6956393,ChIJm6DQhrE2-F8R1eqkF53QsIw,2024-05-16
バター レバー バインミー,Ishikawa,N/A,,,4.3,100,36.6041748,136.6736043,ChIJMysGI9sz-F8RYs_iCS_FQnU,2024-05-16
クエ フォン クアン フクイ (Quê Hương Quán Fukui),Fukui,福井市,,,3.8,39,36.0607147,136.220547,ChIJI8NnYVG_-F8RJFpGarWU4kk,2024-05-16
越麺屋,Fukui,福井市,,,3.9,277,36.1002466,136.1953214,ChIJ7brfe4m_-F8Rguitjvly0Mk,2024-05-16
PHỞ NA 138,Fukui,鯖江市,,,4.4,30,35.9459863,136.1822798,ChIJ0Wo8YbOv-F8RwwEOm_yfu0Q,2024-05-16
ベトナム食材専門店（Bách Hoá Việt Yamanashi）Thực phẩm,Yamanashi,甲府市,,,4.3,23,35.6492975,138.5574782,ChIJKwi9UcD3G2ARRYVj2P_LssE,2024-05-16
ベトナム料理Pho Ha Noi,Yamanashi,甲府市,,,0.0,0,35.653695,138.5434196,ChIJDSWt0HP3G2ARfC4jMsxyfD4,2024-05-16
直CHOKU_ベトナム料理カフェ,Yamanashi,北杜市,,,5.0,3,35.8580608,138.3942617,ChIJT8_uOABrHGARwKRdCH11raM,2024-05-16
バインミーハバ,Yamanashi,福生市,,,4.5,36,35.7398776,139.3260997,ChIJWdn8ng4hGWARWc1V4B0Ktjk,2024-05-16
evam eva yamanashi,Yamanashi,中央市,,,4.5,174,35.5672684,138.5666563,ChIJZV03hK76G2ART1pczpAosYs,2024-05-16
ずんちゃんパン店,Yamanashi,甲府市,,,4.4,300,35.6558163,138.5595576,ChIJ9SLrZdj5G2ARbEv62wc5Lvw,2024-05-16
甲斐の味くらべ,Yamanashi,甲府市,,,3.0,22,35.6670818,138.5691402,ChIJGxZ99s35G2AR_NyvgFe9Mjs,2024-05-16
ヤギとライオン,Yamanashi,甲州市,,,4.7,15,35.6665565,138.7300354,ChIJ-73u2M5XGWARI9i3DH1YI7s,2024-05-16
ひかり珈琲店,Yamanashi,甲府市,,,3.9,220,35.6475144,138.5992498,ChIJI4xpOK75G2ARfTjCqM0udWk,2024-05-16
ベトナム料理 コムサイゴン,Yamanashi,八王子市,,,4.1,181,35.6578824,139.3421764,ChIJF0MYYeQdGWAR8em7YgUh4Bs,2024-05-16
シルバーレイククラブ プラスティー （Silver Lake Club + Tea）,Yamanashi,南アルプス市,,,4.1,79,35.6084533,138.46693,ChIJj9R7uRf0G2ARMMgBZEZRMfo,2024-05-16
なかごみ,Yamanashi,南アルプス市,,,3.8,5,35.630394,138.465549,ChIJv1TrRcz1G2AR0JlPzO8C4W4,2024-05-16
‘Olu’Olu Bánh Mì (オルオルバインミー),Yamanashi,八王子市,,,4.1,13,35.6600119,139.3348298,ChIJFVVChrAfGWAR0Zj8-4R_9iI,2024-05-16
ベトナム料理店ビーベト Vị Việt,Yamanashi,八王子市,,,4.3,56,35.6573763,139.3380148,ChIJl7PjrI4dGWAR2gc9y_3Qub0,2024-05-16
氷華,Yamanashi,甲府市,,,4.7,275,35.627352,138.5759813,ChIJ-Y81cRf6G2ARzkr7m_AdNnc,2024-05-16
富士山フルーツサンド金藏旅の駅店,Yamanashi,富士河口湖町,,,3.8,4,35.5231638,138.7779878,ChIJ0aVLHCxfGWAR4AuntfADiZg,2024-05-16
Mitra Vietnamese,Yamanashi,秦野市,,,4.2,63,35.3818758,139.2781616,ChIJx47BxYOpGWAR40VpbE_fjWA,2024-05-16
はせ川,Yamanashi,甲府市,,,3.8,59,35.6152963,138.5667231,ChIJNRoWLQ36G2ARJe1vIXwq_Vk,2024-05-16
BOBベトナムレストラン( Nhà Hàng BOB VIỆT NAM),Yamanashi,伊勢原市,,,4.3,78,35.393788,139.3153499,ChIJ-VA_TK2rGWARd_ixQrlf6-U,2024-05-16
オールドサイゴン,Nagano,長野市,,,4.3,100,36.6530156,138.1885015,ChIJYbKJxSqHHWARduaTaCl8oJY,2024-05-16
Điểm Hẹn Nagano ベトナム料理 ( Quán việt NAGANO),Nagano,N/A,,,4.3,38,36.646668,138.1878929,ChIJ8zjWDbqHHWARs458nJJFehk,2024-05-16
ミーヤベーグル,Nagano,N/A,,,4.3,68,36.6460509,138.185308,ChIJr22Nufcp9l8RSYF7NMgkI14,2024-05-16
バーンチェリー,Nagano,長野市,,,4.5,95,36.6526424,138.1928906,ChIJ9UsfJ_CGHWAR9QOx868FZCY,2024-05-16
ビベト,Nagano,松本市,,,4.3,67,36.23243799999999,137.9677722,ChIJZTXp2fwPHWARZP7LnJPiSEU,2024-05-16
KITCHEN 365,Nagano,長野市,,,4.0,79,36.6495361,138.1850373,ChIJnwDCY-aGHWARYa-O6aGZeW8,2024-05-16
Ren's Dining （旧れんさんのベトナム屋台）,Nagano,池田町,,,4.8,30,36.4167331,137.8791784,ChIJt7tsESFvHWAR4E9TuK62nk8,2024-05-16
MOCPHO/モックフォー上田店,Nagano,上田市,,,4.5,62,36.402064,138.2500874,ChIJexNTqbi9HWARArvQhQ1y5kQ,2024-05-16
VINA89,Gifu,岐阜市,,,4.4,52,35.4167437,136.760142,ChIJ7TGwCLipA2ARl4ppmYwvsUU,2024-05-16
ベトナム料理フォークチ,Gifu,岐阜市,,,4.3,253,35.4165403,136.7532372,ChIJVVX5S6KuA2ARmWBygR4hArU,2024-05-16
Bánh mì Sài Gòn バィンミーサイゴン,Shiga,山県市,,,4.9,12,35.5201043,136.78826,ChIJdYodPJ1VAmAR0cYXRi5xNkk,2024-05-16
アジアン・ハーバルカフェ ソラ,Gifu,岐阜市,,,4.3,46,35.4179776,136.7583124,ChIJwU7Xuc2vA2ARBAVAaa8-8Iw,2024-05-16
フォー アン,Gifu,瑞穂市,,,4.4,37,35.40946,136.6884602,ChIJA2lxL6atA2ARhpVZ64rSS9c,2024-05-16
Hanoi,Shizuoka,静岡市,,,3.9,93,34.9741031,138.391205,ChIJq6r6pvlJGmARC5O4uJh3YtY,2024-05-16
ベトナム料理タンフン,Shizuoka,静岡市,,,4.5,265,35.0010284,138.4793294,ChIJdTMRe0sxGmARUOD_ACjqh7E,2024-05-16
ベトナム料理サイゴン,Shizuoka,静岡市,,,4.1,296,34.95327,138.394534,ChIJd7cendlJGmARVv3pKyyxUYQ,2024-05-16
バインミー専門店NAMDINH(ナムディン),Aichi,名古屋市,,,0.0,0,35.1674443,136.9077096,ChIJEfBboTVxA2AR-9_9m7xJ2Q4,2024-05-16
DELINO Tea & Banh mi 大須店,Shiga,名古屋市,,,4.9,12,35.158429,136.9068252,ChIJd652X9ZxA2ARz7ZLQE_U8cU,2024-05-16
BEP VIET ベトナムキッチン,Mie,名古屋市,,,4.0,447,35.1583969,136.9029901,ChIJh8YBU8twA2AR46prxQwjtok,2024-05-16
ジューシー バインミー,Aichi,名古屋市,,,4.6,195,35.1939362,136.9419838,ChIJ0bhAextxA2ARPk_Ehmf2EC4,2024-05-16
ANNAM DELI VIETNAM DINING,Aichi,名古屋市,,,4.3,120,35.1672622,136.9007169,ChIJAxvLvfB3A2ARw1PwBaucT20,2024-05-16
リンズベーカリー,Aichi,大府市,,,4.5,26,35.0072174,136.9664009,ChIJ3bG4uoqDBGARyNcHHrcVahQ,2024-05-16
アオサンズ,Shiga,名古屋市,,,4.4,173,35.1606625,136.9016408,ChIJNeRRGSNxA2ARO-bw9fVo2Gg,2024-05-16
ママちゃん,Aichi,北名古屋市,,,4.6,48,35.2550728,136.8449644,ChIJgR5tirQLA2ARxNB_3PuHMDs,2024-05-16
ビンヤン,Aichi,名古屋市,,,4.5,272,35.1432622,136.8982798,ChIJc3L9_k13A2ARFdGw5rObg6U,2024-05-16
ベトナムキッチン アンヴィエット,Aichi,名古屋市,,,4.4,233,35.1602207,136.9214753,ChIJEd3ezL9wA2AR92mZ573IU_c,2024-05-16
ベトナムデリ珈琲 瀬戸本店,Aichi,瀬戸市,,,4.2,90,35.2112348,137.0839904,ChIJYxIFICBnA2AR3uHqSmIu_X0,2024-05-16
Dalat-Marimura,Aichi,名古屋市,,,4.3,142,35.1227457,136.9257265,ChIJO2wBsEd7A2AR8Jt44IbnoPc,2024-05-16
VIN BUFFET&CAFE,Aichi,名古屋市,,,4.1,57,35.1693286,136.8854164,ChIJrXA4Vmt3A2ARFBl-03ea-jk,2024-05-16
アンナンブルー izumi168,Aichi,名古屋市,,,4.5,17,35.1768015,136.9179418,ChIJR8NAN65xA2ARa4DCBaYumgA,2024-05-16
Nhà hàng Việt Nam - PAMI HAMI,Aichi,みよし市,,,4.6,30,35.0865691,137.0737567,ChIJN6V-l41hA2AR1UQ2KR-ir8A,2024-05-16
UMASO,Mie,名古屋市,,,4.4,55,35.113574,136.8638199,ChIJ0ehqVX15A2ARQV7Wji1nwa4,2024-05-16
アンディ ベトナム,Aichi,N/A,,,5.0,2,35.1625868,136.9376125,ChIJodNw9EBxA2ARGiLDYSaF6hk,2024-05-16
PLUS84,Aichi,西尾市,,,4.6,90,34.8811174,137.0659242,ChIJl9d9V_GXBGARKH0mjtV8LDQ,2024-05-16
ベトナミ(ベトナム料理),Aichi,名古屋市,,,4.1,25,35.1056352,137.0066444,ChIJJY1ianNjA2AR-jO_KrqrVRY,2024-05-16
タン・ハー,Kanagawa,横浜市,,,4.4,583,35.42987060000001,139.4755859,ChIJQdBGuc9WGGARE_s4CKUW4x0,2024-05-16
Ai Bánh Mì あいバインミー,Wakayama,大阪市,,,4.5,277,34.64962,135.506569,ChIJvZbsM_XdAGAR4ut81HyHHZg,2024-05-16
Bánh Mì Xin Chào - KOBE・バインミーシンチャオ - 神戸店,Wakayama,神戸市,,,4.0,118,34.6772922,135.1733401,ChIJKwehRCuPAGAR2AQIW0Q1i_E,2024-05-16
ベトナムの食卓 HOAHOA,Mie,横浜市,,,4.1,187,35.5542513,139.6452789,ChIJtdF_TXdfGGARgSDGs03jPkg,2024-05-16
ベトナム料理酒場 シクロ 横浜桜木町店,Kanagawa,横浜市,,,4.2,163,35.44971280000001,139.6297951,ChIJWziPKT1dGGARjtiG9W9UKKw,2024-05-16
120g Bánh Mì Kyoto (120gバインミー京都),Wakayama,京都市,,,4.7,127,35.0153212,135.7735927,ChIJY7tcG00JAWARZfzl_CQQNOw,2024-05-16
にしまちバインミー,Shiga,いなべ市,,,4.5,70,35.1502596,136.5173526,ChIJr24an_6_A2ARTa4oD7Tz9sU,2024-05-16
Cafe My Banh Mi by Gluten Free TOKYO 原宿,Mie,渋谷区,,,4.3,143,35.6714768,139.7048191,ChIJ2zyJ52SNGGARNK_vNqvdz_o,2024-05-16
ベトナムレストラン・アンデップ,Shiga,草津市,,,4.1,151,34.9966636,135.918146,ChIJJxYZN7lyAWARxGgzuFhby90,2024-05-16
ベトナム食材専門店 DIEM SHIGA SHOP,Shiga,彦根市,,,4.7,12,35.2709887,136.2575183,ChIJ7RgC9hzVA2AR-yZL3zi0IIM,2024-05-16
BanhMi Kyoto製パン,Kyoto,京都市,,,4.6,61,34.9550746,135.7612292,ChIJ7xkDhe8PAWARDWxf1t6ShOE,2024-05-16
Buranam Vietnam Restaurant フォー麺,Shiga,長浜市,,,4.0,4,35.3778037,136.2644812,ChIJXRTh_ZgpAmAROC_G3_0sedI,2024-05-16
バインミー クィーン,Shiga,京都市,,,4.9,41,34.9866715,135.7696843,ChIJ3aziRJMJAWARfEUNFIFW0No,2024-05-16
ベトナム料理 コムゴン 京都店,Shiga,京都市,,,4.1,754,35.00620140000001,135.760559,ChIJaSN4lJoIAWARwpJR9ucnQ7Y,2024-05-16
RojiViet,Kyoto,京都市,,,4.3,84,35.030094,135.7731953,ChIJT2RwrtAJAWARv1UfU4BdLBs,2024-05-16
激うまバインミー 六地蔵駅前店,Shiga,京都市,,,0.0,0,34.932298,135.7929385,ChIJ7WYC5DIPAWARCJYEpQdvmpI,2024-05-16
ベトナム料理 Quê (クエ) 京都市,Shiga,京都市,,,4.4,97,34.9458081,135.7621268,ChIJw2bWlMQPAWARiL_l8CJtZLY,2024-05-16
ニャーヴェトナム 京都店,Shiga,京都市,,,3.5,514,34.9887197,135.7591526,ChIJ8U0Um68IAWARfnqg7XS6h2Y,2024-05-16
丸京商店,Shiga,高島市,,,3.5,2,35.3274496,136.0366364,ChIJV3HBzzSRAWARuUPs07OovLw,2024-05-16
京都ベトナム料理ベトキッチン★Beto Kitchen -Vietnamese Restaurant,Kyoto,京都市,,,4.5,366,34.9987172,135.7418174,ChIJG11fnEAGAWARlelRwWtO6W8,2024-05-16
S Vietnamese Cuisine,Shiga,京都市,,,4.7,122,35.0103496,135.7706561,ChIJGVKnTh0JAWARynI754iXzWE,2024-05-16
にしまちバインミー,Shiga,いなべ市,,,0.0,0,35.1502622,136.5173449,ChIJn6c4nf6_A2ARLchjV39da-g,2024-05-16
ベトナムバル SAIGON SAIGON,Shiga,京都市,,,4.2,176,35.0068271,135.7664856,ChIJuRN-gc8HAWARyk-K1K1dybA,2024-05-16
チョップチョップバインミー,Shiga,宇治市,,,4.4,52,34.8912109,135.8045668,ChIJBZFEv80RAWARA6rwYtAqpDM,2024-05-16
NICOLAO Coffee and Sandwich KUSATSU COCORIVA店,Shiga,草津市,,,4.8,342,35.0191241,135.9602456,ChIJU4cJ1sdzAWARnRb51wkYT-E,2024-05-16
NICOLAO Coffee and Sandwich 創業本店,Shiga,草津市,,,4.3,288,35.0432412,135.9231177,ChIJ3Vc52WlzAWAR_tjc-eAaI2s,2024-05-16
オーサカバインミー (Bánh mì bà Trần),Wakayama,大阪市,,,4.7,194,34.6768704,135.5075185,ChIJS-wPAfDnAGARWFmR1KbqXQk,2024-05-16
バインミー サイゴン,Wakayama,大阪市,,,4.6,122,34.6610708,135.50055,ChIJ9V_Dmn3nAGARgmCvZRHiYT0,2024-05-16
バインミー ウィン,Wakayama,大阪市,,,4.6,223,34.7047462,135.5221031,ChIJ_S5FCnrnAGAROXVQ7N15pyw,2024-05-16
Bánh Mì Fuse バインミー布施,Wakayama,東大阪市,,,4.4,65,34.66428920000001,135.5678789,ChIJUXTwsejfAGARLKJAdfdxldY,2024-05-16
ベトナム料理 EGAO BÁNH MÌ エガオ バインミー天六,Osaka,大阪市,,,5.0,9,34.7151589,135.5158256,ChIJcQ-v-pfnAGARK2kr_6AViD4,2024-05-16
バインミーちゃん ベトナムストリートフード Bánh mì việt nam,Osaka,大阪市,,,4.5,33,34.6675546,135.4793128,ChIJS0-wivHnAGAR8BS9B6fivUI,2024-05-16
"Trà sữa, bánh mì FAN TAPI (タピオカ、バインミ)",Wakayama,大阪市,,,4.4,64,34.6493534,135.5028193,ChIJHWnTws7nAGARx4dUBnHF8n4,2024-05-16
バインミー102,Osaka,大阪市,,,0.0,0,34.6945131,135.5337926,ChIJ196x6TXhAGARWZCYApCmxAU,2024-05-16
LONG DINH,Osaka,大阪市,,,4.1,391,34.6700799,135.4993267,ChIJ3wtvA_TnAGAREht5DtEiOvM,2024-05-16
ベトナム料理 EGAO BANH MI エガオ バインミー,Hyogo,大阪市,,,4.1,67,34.7401815,135.5153915,ChIJycKwO8PlAGARxiquz7XJobg,2024-05-16
Osaka Hai Bòn Quán,Osaka,N/A,,,4.9,44,34.6521841,135.5523365,ChIJfWRhpoffAGAROslFoIYGWic,2024-05-16
ベトナム料理 MINH ANH,Osaka,大阪市,,,4.5,127,34.6663312,135.5048032,ChIJz4aZU4DnAGARVAsxkcvBuUs,2024-05-16
ベトナムノーイ123,Osaka,N/A,,,3.7,113,34.7041138,135.494703,ChIJKaUqRZbnAGARpcl0b7Yxw7o,2024-05-16
カフェ＆ビア ngon ca phe（ゴンカフェ）,Osaka,大阪市,,,3.3,153,34.7339179,135.4998321,ChIJgRxi1DXlAGARYluLA0gGabg,2024-05-16
アンゴン,Osaka,大阪市,,,4.4,612,34.676695,135.498163,ChIJubPyFxvnAGARjVgZ6UR03kM,2024-05-16
PHO 34,Osaka,Miyakojima,,,4.5,80,34.69479949999999,135.5295173,ChIJYenSahXhAGARqH3rrrpQALk,2024-05-16
BANH MI XIN CHAO HIMEJI バインミーシンチャオ姫路店,Tottori,姫路市,,,4.5,59,34.828754,134.6926752,ChIJrwJQ5q3hVDURuQOUTVB_30k,2024-05-16
Amilyベトナムバインミー専門店,Tottori,姫路市,,,4.4,28,34.8281078,134.6910336,ChIJI9jau0PhVDURJvw_l-Iik_E,2024-05-16
バインミー83,Wakayama,神戸市,,,4.3,35,34.6838508,135.1801586,ChIJXb1WUcePAGARrGp3n7DRtcg,2024-05-16
Bánh Mì Kimi - Kimi’s Kitchen,Mie,神戸市,,,4.4,50,34.6859986,135.1807658,ChIJISJhyI2PAGARzMYC1AY2e_s,2024-05-16
HAN cake&coffee 神戸店,Hyogo,神戸市,,,4.3,11,34.6808975,135.1744469,ChIJdd4i6O-PAGARuPX0wXYBQqw,2024-05-16
バインミーやん,Hyogo,川西市,,,4.5,36,34.8657204,135.4148638,ChIJ46j49Q33AGAR5vxrFBDPDBI,2024-05-16
タンカフェ 元町店,Hyogo,神戸市,,,4.2,289,34.6884707,135.1868953,ChIJqz6LeA6PAGARD5HjzrwNc1g,2024-05-16
コムベトナム,Hyogo,神戸市,,,3.9,95,34.6924744,135.1933176,ChIJZ_i4OvuOAGAR5deJLaGzcSg,2024-05-16
シェフデリ,Hyogo,神戸市,,,4.4,12,34.653714,135.147177,ChIJDXqLKn2FAGARFdbYbMy63jQ,2024-05-16
My Tho,Hyogo,神戸市,,,4.6,59,34.6614213,135.1445182,ChIJVQKQARuFAGAR797nlSwguis,2024-05-16
ホイアン,Hyogo,神戸市,,,3.4,339,34.6922216,135.1935305,ChIJO7tHMPuOAGARmNhrGBXNO_Q,2024-05-16
フォー ハチキュウ,Hyogo,神戸市,,,4.2,86,34.6615261,135.157665,ChIJ8am9aQWPAGARFtddRNtMW3w,2024-05-16
saigon truonghai サイゴンチュンハイ,Hyogo,神戸市,,,4.4,76,34.65398649999999,135.1480456,ChIJPer68omPAGARAxXdhVfJ1WI,2024-05-16
バインミーゴン,Hyogo,大阪市,,,4.6,8,34.5932493,135.5025608,ChIJTZFUv9LdAGARG-nQ6PHMaAc,2024-05-16
ベトナム料理 Com Ngon（コムゴン）,Nara,奈良市,,,3.9,586,34.6830658,135.8285441,ChIJbQPS8Yc5AWARbCHEjND_6xA,2024-05-16
中谷堂,Nara,奈良市,,,4.3,4179,34.681943,135.8288995,ChIJmzwHEog5AWARiML9vXtSFso,2024-05-16
BABYFACE SKY TERRACE,Nara,奈良市,,,4.0,330,34.7005165,135.8283056,ChIJu5I531g5AWARPJnRk5YAXxE,2024-05-16
ラホツ,Nara,奈良市,,,4.2,125,34.6779219,135.8351039,ChIJse2YHY05AWARtprSe9GhgwM,2024-05-16
Xuân Shop Việt Nhật Nara,Nara,奈良市,,,0.0,0,34.6817102,135.7817379,ChIJdxh0AQA7AWAREvSVoM6CkD4,2024-05-16
ダ ナン,Nara,奈良市,,,3.9,14,34.6832613,135.8283802,ChIJj3238LY5AWARRkOX2pGSwS0,2024-05-16
ブランジェリー・イノウエ,Wakayama,和歌山市,,,4.1,124,34.2276962,135.1780392,ChIJ03hGUduyAGARm6izFqpteTo,2024-05-16
SANDO,Wakayama,和歌山市,,,4.6,5,34.2311971,135.1782891,ChIJu6xSslSzAGARXXolH2Xk9_M,2024-05-16
8hachi 食パンとコーヒーとおやつ,Wakayama,和歌山市,,,4.3,78,34.1671291,135.1876378,ChIJF2LoX6ZNB2ARyxksAqnU5GE,2024-05-16
ラパン,Wakayama,和歌山市,,,4.0,117,34.2318813,135.1675311,ChIJ8Ttsr5SyAGARNxgyyi0QnB8,2024-05-16
和歌山MIO,Wakayama,和歌山市,,,3.5,1021,34.2321061,135.1911398,ChIJjX95fCazAGARqLazkKds_9g,2024-05-16
ベルク,Wakayama,和歌山市,,,4.5,28,34.1714388,135.1933507,ChIJ9595GklMB2AR7N6n9JSOsT4,2024-05-16
パン工房 Kawa 秋葉店,Wakayama,和歌山市,,,4.0,175,34.1998123,135.1701221,ChIJVVUR-ThNB2ARTXQPTP8b2nk,2024-05-16
ソレイユ,Wakayama,和歌山市,,,4.0,39,34.2160677,135.2019331,ChIJYX_iG8ZMB2ARf8a1XjTIoM8,2024-05-16
ADDRESS,Wakayama,和歌山市,,,4.6,7,34.24096660000001,135.1858527,ChIJDdMlt-azAGARcfLcOiUUYG4,2024-05-16
三八波,Wakayama,N/A,,,3.9,468,34.2331142,135.1945138,ChIJmZXRGiWzAGARhcQKEDCvM0M,2024-05-16
ブリアンドレ,Wakayama,和歌山市,,,4.3,22,34.2186374,135.169617,ChIJpag1QsiyAGARrLNBX6vC6QA,2024-05-16
カーム,Wakayama,和歌山市,,,3.9,19,34.2351964,135.1847656,ChIJ-44ezt-yAGARYNDw7fFfqjo,2024-05-16
お天守茶屋,Wakayama,和歌山市,,,4.1,50,34.2272098,135.1713385,ChIJIzxLQ7yzAGARJMhWIt6YItc,2024-05-16
コムコム,Wakayama,田辺市,,,4.1,13,33.7401966,135.3751953,ChIJYQLvuVWnB2ARtif9HUW_eDI,2024-05-16
バインミーバオハン瓜破,Wakayama,大阪市,,,4.8,8,34.6081743,135.55138,ChIJeywI_WrfAGAR_sfv7nRhJF8,2024-05-16
酒処たなかや,Wakayama,和歌山市,,,4.4,19,34.232957,135.1760528,ChIJvdszG7uzAGARWBdsar7kR0U,2024-05-16
bagelニアマイ,Tottori,N/A,,,4.5,2,35.5349354,134.202418,ChIJc3XKjXePVTURlFtTDlrmtjA,2024-05-16
梅乃井,Tottori,県,,,4.3,194,35.5009054,134.2297571,ChIJ9__pBuqPVTURBhIrCLdRI74,2024-05-16
リトルホイアン出雲,Shimane,出雲市,,,4.7,34,35.3632515,132.7620522,ChIJ2SlSOoJDVzUR4gLwVKZJAJY,2024-05-16
フォークエ,Shimane,松江市,,,4.3,26,35.4635766,133.0596409,ChIJbWYLgxMFVzURrFRI6HcGw98,2024-05-16
PANTOGRAPH,Shimane,松江市,,,4.1,248,35.4692662,133.0471632,ChIJOdoZ7BAFVzURntD-soz7GPc,2024-05-16
Vietnam Food Market,Okayama,岡山市,,,4.1,73,34.6665481,133.9256647,ChIJuSRfrbQHVDURUX-jdrrE9h0,2024-05-16
Bánh Mì Kara - バインミー カラ,Okayama,岡山市,,,3.9,39,34.666293,133.9215643,ChIJ2eopghgHVDURi1MOHpwR178,2024-05-16
ベトナム料理 Ha Noi RESTAURANT,Okayama,岡山市,,,4.0,144,34.6663226,133.921815,ChIJh8EvTvMHVDURdCtmjM8o8J4,2024-05-16
ベトナム料理 アオババ岡山店,Okayama,岡山市,,,3.8,244,34.6643226,133.9196263,ChIJkUR0gEwGVDUR8YrxQa--mRc,2024-05-16
HD Bakery • Tiệm bánh tại okayama,Okayama,岡山市,,,4.3,32,34.6690966,133.9136231,ChIJsyHUHRkHVDURvR3rm90nNd8,2024-05-16
サイゴンマーケット,Okayama,倉敷市,,,4.6,20,34.6007634,133.7659716,ChIJN5OWGctXUTURgryEHJW8JNw,2024-05-16
PUBLIC,Okayama,岡山市,,,4.3,109,34.6626414,133.922314,ChIJsxYH200HVDUR4gmK5WdVmHc,2024-05-16
L/Bloomer（エルブルーマー）,Okayama,岡山市,,,4.5,91,34.6503265,133.908217,ChIJURZSJWYHVDUR-378_QkEnhE,2024-05-16
CAFE NICO,Okayama,岡山市,,,3.3,9,34.6627023,133.9268374,ChIJrX96DrwHVDURPDJjwoyioH0,2024-05-16
ベトナム料理 アオババ広島店,Yamaguchi,広島市,,,4.3,280,34.3898892,132.4593947,ChIJr45K0I6jWjURmBnrWji_U0Q,2024-05-16
バインミーHIRO-MY,Yamaguchi,広島市,,,4.7,46,34.3905401,132.4614186,ChIJ4bCWTdGjWjURoF0cy5OIHuU,2024-05-16
HANOI PHO レストラン,Hiroshima,広島市,,,4.3,202,34.4111895,132.463341,ChIJh3PysrCYWjUREZfJJbF4yxo,2024-05-16
ベトナム料理店 HELLO VIỆT NAM,Hiroshima,広島市,,,4.7,23,34.52131,132.5124142,ChIJBy0y0yGdWjURabJTVWmYqfY,2024-05-16
79 Phuong Dong Hiroshima,Hiroshima,広島市,,,3.9,20,34.3926787,132.4638449,ChIJK5tKBKejWjURWiBdR1dBBdc,2024-05-16
333 BEER Restaurant (旧名 ベトナムキッチン、BẾP VIỆT ),Yamaguchi,N/A,,,4.3,98,34.40863909999999,132.4526712,ChIJUanTVdOZWjURF0RJNf2pYLs,2024-05-16
ミスホアマリオ,Hiroshima,広島市,,,4.0,125,34.3964882,132.4546933,ChIJpSl1xQuiWjURGPWGklz2mBI,2024-05-16
VIET NAM - HIROちゃん,Hiroshima,広島市,,,3.5,28,34.393265,132.4618388,ChIJjc_u1TCjWjURS_8tObDslTE,2024-05-16
Quán ăn việt nam,Hiroshima,広島市,,,0.0,0,34.3931777,132.4617966,ChIJnylJSE6jWjURIaI_Qs456Y8,2024-05-16
ベトナムフードTAMTAM88,Hiroshima,広島市,,,3.9,16,34.3930447,132.4662722,ChIJj-fNoEyjWjURqmwQ9-mSVFg,2024-05-16
広島サンドイッチ専門店CHERMSIDE SANDWICH段原本店,Hiroshima,広島市,,,4.2,72,34.3901019,132.4742511,ChIJuT5QyVChWjUR1kwhG5FdF5Q,2024-05-16
Phở Việt Hiro( ベトナムレストラン）,Hiroshima,府中町,,,3.6,7,34.3769061,132.5051484,ChIJ-QVmnpOhWjURZE1bDw-iyLE,2024-05-16
アプサラス,Hiroshima,N/A,,,4.1,112,34.4213442,132.7389323,ChIJg9WKZoZvUDURV446Gw0sQb8,2024-05-16
Hương Quê Quán,Hiroshima,呉市,,,4.2,17,34.2290395,132.6284229,ChIJN4kzTTgJUDURlcrjdgRV5is,2024-05-16
バンコク食堂バードマン的場町,Hiroshima,広島市,,,4.6,122,34.3930888,132.4747593,ChIJzWbmP9CfWjURjpqC7ykB7Ww,2024-05-16
Ngon Vietnamese Restaurant & Bar,Hiroshima,呉市,,,4.3,42,34.2470554,132.5680722,ChIJy4-oaJQJUDURm6ob3U2bVIw,2024-05-16
ベトナム風 サンドイッチ専門店 Bánh mì 39 バインミー サンキュー,Hiroshima,海田町,,,4.2,27,34.3702838,132.5335872,ChIJ7Rv8Nk-fWjURJ6uktWwMb-0,2024-05-16
ベトナム料理店ノンラー(Vietnamese Restaurant Nón Lá ),Hiroshima,広島市,,,4.2,95,34.391644,132.4579749,ChIJPSzs-g2iWjURjowt__kk-F0,2024-05-16
BA MIỀN QUÁN,Yamaguchi,防府市,,,4.5,22,34.0544878,131.5740774,ChIJr8CjZC-TRDUR8YGS_IKnJC4,2024-05-16
ベトナム料理と薬膳料理の店 喫茶 望（も）,Yamaguchi,N/A,,,4.2,70,33.9589904,132.0556625,ChIJAdBvVkYYRTURVI3Coupewhc,2024-05-16
café&pub-kirikou,Yamaguchi,山口市,,,4.3,60,34.1668758,131.4601537,ChIJxfHF4EeXRDURJb61v0tWWw0,2024-05-16
バインミー専門店 Viet Mart,Yamaguchi,下関市,,,5.0,19,33.9369377,130.9172812,ChIJuzO6Zd-9QzURJNNVRehptwo,2024-05-16
ゴトウパン,Yamaguchi,山口市,,,4.3,52,34.1686285,131.4721773,ChIJEyTdhn2XRDURKV1BeT-o6fs,2024-05-16
Saigon Mart,Yamaguchi,岩国市,,,5.0,6,34.1707436,132.2229566,ChIJSwdLMjg1RTURYtZLtYgTpf4,2024-05-16
ベトナムキッチン,Tokushima,徳島市,,,4.4,68,34.0697167,134.5481107,ChIJ3Sj_IXlzUzURMkFSNDQJLbk,2024-05-16
大人の夜カフェ SB Cafe＆dining,Tokushima,徳島市,,,3.7,26,34.065519,134.5496969,ChIJuW7my6RzUzURXFTHWDGGsv8,2024-05-16
XÍCH LÔ,Tokushima,徳島市,,,0.0,0,34.0703967,134.5501605,ChIJSVnciTBtUzURGLZL2LQMSLA,2024-05-16
ベトナム レストラン(ネットヴィエット),Tokushima,徳島市,,,4.2,36,34.0627232,134.5559111,ChIJR0EoogttUzURULTssA5cF_M,2024-05-16
バインミーゴンゴン 高松,Kagawa,高松市,,,4.2,65,34.345369,134.0520276,ChIJq1dD7RrrUzURwwB5tRRIDyU,2024-05-16
アイゴン(i-NGON),Kagawa,高松市,,,4.4,133,34.346427,134.0467073,ChIJn0cnhoDrUzURttSF2_7PqUc,2024-05-16
VietNam Kitchen Cha Cha-ベトナムキッチンチャチャ-,Kagawa,丸亀市,,,4.5,8,34.2748495,133.7950681,ChIJMxAbcQDZUzURAFeQjRAXMqo,2024-05-16
xich lo (シックロー) ベトナム料理,Kagawa,高松市,,,4.1,60,34.3407613,134.0973832,ChIJa2_KVseTUzURcZJ831GA0UI,2024-05-16
T -Ngon Vietnam Restaurant,Ehime,松山市,,,4.3,56,33.8385514,132.7702947,ChIJdbs1aeTlTzURfldmHI7cndE,2024-05-16
BetoLabo,Ehime,今治市,,,4.6,19,34.0640739,132.9974519,ChIJZQafgEk7UDURtWV5wRSs_es,2024-05-16
ベトナムハウスチャム,Ehime,久万高原町,,,4.4,30,33.537393,133.0022762,ChIJPXITUT65TzURA9yUbBUnmSs,2024-05-16
ハノイカフェ,Ehime,松山市,,,4.3,144,33.840408,132.7718479,ChIJpyVkju7lTzURUSfC0W0HEyo,2024-05-16
GIA BAO QUAN（ジャ バオ クァン）ベトナムレストラン,Ehime,新居浜市,,,4.6,23,33.9513881,133.287279,ChIJF4dYSwDPUTURDb-fo0H5--o,2024-05-16
NINE ON TABLES / NINE Bake & Deli,Ehime,松山市,,,4.7,26,33.8363722,132.7687073,ChIJPXY1MvPlTzURZri77XhwpmM,2024-05-16
亀山小屋,Ehime,今治市,,,4.3,28,34.1273669,133.0259566,ChIJY50JWJc3UDUR51YBpc8Sb_U,2024-05-16
フォンバインミー,Kochi,佐川町,,,4.0,5,33.4995726,133.2895303,ChIJF0NyweoDTjURcxrA1gj3UpM,2024-05-16
Vietnam Food,Ehime,松山市,,,4.5,88,33.8828804,132.7434014,ChIJVVWFAejlTzURJ2DcolM8IEI,2024-05-16
〈ベトナムの料理〉高知（Thực Phẩm Việt ）,Kochi,高知市,,,4.1,38,33.5592012,133.5385017,ChIJxaD4ZpAZTjURb80h-3GqBOY,2024-05-16
Jepun Kochi (ジュプン・コウチ),Kochi,高知市,,,4.0,4,33.573593,133.5582364,ChIJJR8S1qYeTjURo6AsjFiSNQs,2024-05-16
バインミー 高知升形,Kochi,高知市,,,4.3,8,33.5589221,133.5269051,ChIJYz67a18ZTjURlFToTzUQCdQ,2024-05-16
フオンバインミー（10/14～10/15のみ）,Kochi,高知市,,,0.0,0,33.5548954,133.5308728,ChIJqxoZTdsZTjURW3bps9hT77Y,2024-05-16
BÁNH MÌ 10,Fukuoka,福岡市,,,3.8,39,33.5875638,130.410647,ChIJ90Px-7aRQTURlCbKyP_PlEc,2024-05-16
PHÚ THỌ QUÁN,Saga,福岡市,,,4.1,8,33.6187361,130.4190176,ChIJrZsbC7iPQTURkjKHfS1BaAY,2024-05-16
バインミー グリーン,Fukuoka,福岡市,,,4.5,10,33.617579,130.4245674,ChIJWQxbtRePQTURxDqfUmaZmfs,2024-05-16
HUONG VIET - QUÁN ĂN- TẠP HOÁ(ベトナム料理店),Saga,新宮町,,,4.5,29,33.6996088,130.4407562,ChIJq7h1TECJQTURqORUY4pLUBA,2024-05-16
39 ベトナムフード,Saga,福岡市,,,4.0,32,33.61950059999999,130.4200777,ChIJfV41rkCPQTURFW8HwGzL6a8,2024-05-16
サイゴン Sai-Gon,Saga,福岡市,,,4.3,125,33.5932292,130.3953298,ChIJzZTmdJKRQTURZ1RHUMDB4As,2024-05-16
ベトナムビストロ asiatico（アジアティコ）,Saga,福岡市,,,4.4,334,33.5858818,130.3935647,ChIJ52hb0oaRQTUR9-co-J6ev8o,2024-05-16
ベトナム料理 チェーサイン レストラン,Saga,福岡市,,,3.8,69,33.5923527,130.4215063,ChIJqzSAQGGRQTURnX5m43N-vic,2024-05-16
愛達霖 AIDALIN,Saga,福岡市,,,4.6,57,33.5786323,130.4127828,ChIJw80WQPSRQTURu800VX-CY-4,2024-05-16
BÁNH MÌ 10 Itoshima Oval (バイン ミー テン),Fukuoka,福岡市,,,3.7,13,33.6111037,130.240371,ChIJH_lwWdztQTUROtqY0We3b6M,2024-05-16
ベトナム料理店 南十字星,Saga,福岡市,,,4.3,103,33.5810305,130.4276363,ChIJt_9nkrORQTUROjJ4mMuDOGA,2024-05-16
Phố Cổ Quán (フオーコ店),Saga,福岡市,,,4.6,38,33.6037193,130.4239445,ChIJoaM1E9yRQTURhgEXrc8kDJs,2024-05-16
NICHINAN PHO / 日南フォー 天神店,Fukuoka,福岡市,,,4.7,252,33.5918138,130.3954993,ChIJ-b9Ahn2RQTURtRR2YSDZnSA,2024-05-16
Đại Việt Quán ベトナム料理,Fukuoka,福岡市,,,4.8,82,33.5903479,130.4100605,ChIJmUgJMAqRQTURZrRVI2KGlTA,2024-05-16
ミスサイゴン,Saga,福岡市,,,4.2,177,33.6032827,130.4240583,ChIJk0KXZHqPQTURyg0WKmt7AFw,2024-05-16
ハノイカフェ【HANOI CAFE】,Fukuoka,福岡市,,,4.5,126,33.6277588,130.4438295,ChIJIcatYn6PQTUR2kaAbttmC5U,2024-05-16
シンチャオ 六本松店,Fukuoka,福岡市,,,4.3,139,33.57901,130.378318,ChIJQcFAo8-TQTURsnUDN-VStyY,2024-05-16
ザ シティ ベーカリー バー アンド バーガー ルービン,Saga,福岡市,,,4.1,408,33.5887919,130.3988578,ChIJ4SePkI-RQTURargueURq1yQ,2024-05-16
ロータスパレス博多店,Fukuoka,福岡市,,,4.1,104,33.58981,130.4204315,ChIJJ5G3LqiRQTURrp-xieC2RYY,2024-05-16
Góc Việt ゴックベト ベトナム料理店,Fukuoka,福岡市,,,4.3,58,33.5595364,130.4238732,ChIJW8nifKWRQTURQyi66LSIxDQ,2024-05-16
コンビンザン,Saga,佐賀市,,,4.0,21,33.25964,130.301185,ChIJb89SbXDKQTURjMx0LZwbusg,2024-05-16
ベトナム料理 サイゴンカフェ,Saga,小城市,,,4.5,45,33.3034229,130.2041188,ChIJB6k59zTNQTURktTmhISbOhA,2024-05-16
Tạp Hoá Saga - TL Mart Asia Food,Saga,佐賀市,,,4.4,25,33.268108,130.2967659,ChIJt7y2SsDLQTURa1w-92pUgzc,2024-05-16
チャウちゃん,Saga,佐賀市,,,4.4,61,33.2570817,130.3011169,ChIJs6-GS3LKQTURt3mOUytKwjs,2024-05-16
JONAI SQUARE,Saga,佐賀市,,,4.0,219,33.2466325,130.3006157,ChIJLd1yfHvKQTURMggLu3nNsBA,2024-05-16
ベトナム料理店 KIKIMAIMAI,Saga,久留米市,,,4.3,32,33.3130607,130.520007,ChIJUYfDt3SlQTURDZNLx1r3nv8,2024-05-16
333 Sài Gòn バーバーバーサイゴン,Saga,大野城市,,,4.5,75,33.5389061,130.4747073,ChIJY3DFO0ibQTURIzjD1p3oYMo,2024-05-16
ベトナムごはんNe'-ne,Saga,久留米市,,,4.3,43,33.3136439,130.5173729,ChIJrXTszlakQTURAp6aH2ZT48s,2024-05-16
コニーズバインミー Conny’s Banhmi,Kumamoto,熊本市,,,4.5,33,32.7767151,130.7620104,ChIJqVpXZX_zQDURbVNT4-gX-5w,2024-05-16
ベトナム料理 37レストラン Nhà Hàng 37,Saga,鳥栖市,,,4.0,8,33.3734673,130.5136184,ChIJHbILeqqjQTUR2eLkjd3rPAI,2024-05-16
KIKI−MAIMAI,Nagasaki,N/A,,,4.4,144,32.7434423,129.8803759,ChIJzTaxWkBTFTUR-8T_hWtGeYk,2024-05-16
サンドイッチ MAYUMI,Nagasaki,N/A,,,4.0,30,32.7486117,129.8721591,ChIJQzGwFDxTFTUR4m7Mqrkai1A,2024-05-16
ベトナム料理 KIKI−MAIMAI野母崎店,Nagasaki,長崎市,,,0.0,0,32.5913307,129.7580429,ChIJH9_spFhFFTUREGjxGENn0eM,2024-05-16
シンチャオフード,Nagasaki,諫早市,,,4.2,19,32.8462643,130.0550171,ChIJK-MwI8tTFTUR1uAF9je7pY8,2024-05-16
ワンハンドサンドイッチ,Nagasaki,大村市,,,4.5,61,32.9440157,129.939728,ChIJGdLKqCCnajUR7aZdb3cuL8A,2024-05-16
メコンフード Tạp Hóa Miền Tây,Saga,熊本市,,,3.9,36,32.8012237,130.7095843,ChIJ_0ph2vT1QDURDeTtOeq9Flc,2024-05-16
PHO LY QUOC SU KUMAMOTO(フォーリーコックス熊本),Kumamoto,熊本市,,,4.0,108,32.8025101,130.7096535,ChIJTVuJ1K71QDURVk2i2Tn0fM0,2024-05-16
Sài Gòn Phố ( サイゴン フォ ),Kumamoto,熊本市,,,4.4,16,32.8251491,130.7073925,ChIJqwY6eEL3QDURsP308e_eAD8,2024-05-16
上乃裏 Asian bistro 333 (バーバーバー),Kumamoto,熊本市,,,4.0,109,32.8064787,130.7131736,ChIJh597YAj0QDURAbTbQbGuZqo,2024-05-16
POMBO,Kumamoto,N/A,,,4.5,35,32.7972084,130.720708,ChIJS95-YCbzQDUR7ywORdgmAVg,2024-05-16
TATOMIYA EZUKO,Kumamoto,熊本市,,,4.1,192,32.7805863,130.7376862,ChIJCwGtIgb0QDURS3gQbXU6wJE,2024-05-16
パンとアジア マハリク,Kumamoto,熊本市,,,4.3,44,32.7984891,130.727479,ChIJh5qsQWbzQDURtNDVoGs2F-g,2024-05-16
COMMUNE6,Kumamoto,熊本市,,,4.3,65,32.8152671,130.7880986,ChIJm5_Zl9rxQDURRkhHABYsLac,2024-05-16
KOKO BAHN MI,Kumamoto,N/A,,,4.6,14,32.7972084,130.720708,ChIJ5zDw-An1QDURYB2lgJR0z78,2024-05-16
Quán Phở 18 Oita（フォー・エイティーン）,Oita,大分市,,,4.2,60,33.2371612,131.6097972,ChIJRa4Oba2fRjURXgXYCIiu5HE,2024-05-16
ベトナムキッチン COMDIA,Oita,別府市,,,4.5,80,33.2776979,131.5030221,ChIJj3BaxMKmRjURXlB-KhgFGns,2024-05-16
スパイス食堂 クーポノス,Oita,別府市,,,4.3,164,33.2732825,131.5033517,ChIJAxo4hMGmRjUR4rdRkHgDkts,2024-05-16
コムディア,Oita,別府市,,,5.0,1,33.2777074,131.5028897,ChIJzwE7xMKmRjURVPKD9B1O6G4,2024-05-16
Tiệm 12 • Oita,Oita,大分市,,,4.6,12,33.2378839,131.6008645,ChIJySJ0nhShRjUR8yYCWYxvMSw,2024-05-16
ベトナムカフェ&食材店 Ong dia (オンディア),Miyazaki,宮崎市,,,4.5,13,31.8949688,131.4211667,ChIJ09zWmJK3ODURKcaAEg_THno,2024-05-16
ベトナム料理店 CAM ON[カム オン],Miyazaki,N/A,,,4.6,60,31.9306154,131.4606495,ChIJzVXmgTa7ODURGM1uZfdh4xk,2024-05-16
HANH PHUC QUAN ハン フク クアン,Miyazaki,宮崎市,,,4.5,43,31.9135452,131.4298907,ChIJ__-7n0K3ODURC0Hlifhe6jI,2024-05-16
SUMOMO BUNS,Miyazaki,宮崎市,,,3.6,7,31.9140174,131.423407,ChIJmR6wWXy3ODUR9cfMnyaDeIM,2024-05-16
INOHOI MEAT STUDIO（イノホイミートスタジオ）,Miyazaki,宮崎市,,,5.0,3,31.9232147,131.4112198,ChIJz2ImAQW3ODURIRkPUiJiuFs,2024-05-16
一ツ葉ミヤチク,Miyazaki,宮崎市,,,4.4,1155,31.920661,131.459506,ChIJgSkOUPK5ODURPeeRzN1Umc8,2024-05-16
Bon Delice,Miyazaki,宮崎市,,,4.0,582,31.7980148,131.4686532,ChIJBcYX9E7GODURecQnh6MF_oQ,2024-05-16
Food Truck B,Miyazaki,宮崎市,,,4.8,36,31.797994,131.4684876,ChIJ1TEKu63HODUR_4gderhdHhI,2024-05-16
ベトナム料理 香香 （しゃんしゃん）,Kagoshima,鹿児島市,,,4.5,35,31.5865832,130.543027,ChIJWaB2ZVxnPjURdMJGdyfSabY,2024-05-16
Non La Vietnamese Kitchen,Kagoshima,鹿児島市,,,4.6,11,31.5887638,130.5458927,ChIJ7ycsa_NnPjURkryNVft50bE,2024-05-16
ベトナム食堂,Kagoshima,鹿児島市,,,4.8,17,31.5848435,130.5552464,ChIJeb0c_S9hPjURo72peS4HfOw,2024-05-16
ベトナム食品,Kagoshima,鹿児島市,,,4.5,2,31.5901486,130.518638,ChIJT2qe5XNnPjURBXZ_jfWUanE,2024-05-16
ベトナム食料品店,Kagoshima,鹿児島市,,,4.7,3,31.5829891,130.5572447,ChIJIVwGh2dhPjURPdETRIjL-PA,2024-05-16
Kagonamufood Thực phẩm Việt Kagoshima,Kagoshima,鹿児島市,,,5.0,2,31.582795,130.5380912,ChIJAVLFe1BnPjURHE_WC4YEeds,2024-05-16
ARTON,Kagoshima,鹿児島市,,,4.3,49,31.5713079,130.5505351,ChIJfS8FdQ9nPjURfg8Znsm5rBE,2024-05-16
にくと、パン。騎射場本店 Niku to Pan【Meat&hamburger shop】,Kagoshima,鹿児島市,,,4.2,165,31.5685934,130.553709,ChIJGb1HhW1hPjURPk03WHEWNcg,2024-05-16
韓と米 アミュプラザ鹿児島店,Kagoshima,鹿児島市,,,3.6,60,31.5825404,130.5420391,ChIJfecW7xhnPjURJzpTowLXlaY,2024-05-16
レストランーフォーベトナム,Kagoshima,霧島市,,,4.1,161,31.76405369999999,130.7223514,ChIJsYnmNBv8PjURmVGv47uVJx8,2024-05-16
ZakimiTuanMart-Okinawa ベトナム食材専門店,Okinawa,N/A,,,4.6,21,26.328303,127.8226287,ChIJYTt5kQkN5TQRnIJ-57Ca1r0,2024-05-16
ベトナムちゃん北谷,Okinawa,北谷町,,,4.6,258,26.3206989,127.7496168,ChIJyf2U9kIT5TQRrz7n1CRGHjQ,2024-05-16
Vietnam Marley (ベトナムマーリー),Okinawa,宜野湾市,,,4.6,181,26.2910213,127.7752253,ChIJyYwPtNAT5TQR9gCOuJ91S9Q,2024-05-16
モクアソ,Okinawa,沖縄市,,,4.5,75,26.3159239,127.8137259,ChIJVVVVVZoN5TQRBcKg5HREB8Y,2024-05-16
ベトナムバイク屋台コムゴン,Okinawa,那覇市,,,4.4,87,26.2110533,127.6927163,ChIJu43-Mm5p5TQRAqDRk2PLI4s,2024-05-16
Tạp Hoá Việt - Naha (ベトー那覇ショップ) Vietnamese Cuisine Pho,Okinawa,N/A,,,4.5,75,26.2145415,127.6889916,ChIJIdcGytBp5TQR49bmzYQ6utE,2024-05-16
アジア屋台 ハベル食堂,Okinawa,那覇市,,,4.3,109,26.2168216,127.6811968,ChIJDWeuT61p5TQRyr_IjTP1aBg,2024-05-16
ベトナム料理,Okinawa,那覇市,,,5.0,1,26.2172298,127.6970848,ChIJIV_vlEhp5TQRORAW-DhhUes,2024-05-16
コンズバーガーベトナムサンドイッチ西崎店,Okinawa,糸満市,,,4.6,47,26.1406756,127.6659169,ChIJCxx_BSFn5TQR8IHwA-jGovM,2024-05-16
THE BROS sandwich stand,Okinawa,恩納村,,,4.5,361,26.4385279,127.7741428,ChIJM7wT9XgQ5TQRlQ46cwzAXV8,2024-05-16
ドスマノス,Okinawa,沖縄市,,,4.5,217,26.336367,127.8007405,ChIJ_dW0fw4S5TQRhsbqiaRAAg8,2024-05-16
Tạp Hoá Việt-Naha (Okinawa),Okinawa,那覇市,,,4.3,34,26.2145792,127.6889393,ChIJLdy8ruZp5TQRgMzubUNZgao,2024-05-16
TESIO,Okinawa,沖縄市,,,4.5,246,26.3360255,127.7992857,ChIJtx5e6A0S5TQRPS7SaOmyjxo,2024-05-16
オタマビスケット,Okinawa,うるま市,,,4.5,65,26.3579609,127.8313494,ChIJ15NwamsO5TQR_w2ik0eP7UY,2024-05-16
ノイカフェ,Okinawa,那覇市,,,4.2,139,26.214192,127.688582,ChIJ-bB2knBp5TQRYj2rJTBS1Y0,2024-05-16
cafe NY,Okinawa,読谷村,,,4.6,61,26.4152655,127.7365824,ChIJkWQ1wsQQ5TQRFVYl4uy9lsA,2024-05-16
ベトナム酒場 ROB PHOTONS ロブフォートンズ 盛岡店,Iwate,N/A,,,3.9,64,39.7039005,141.1477487,ChIJh2rvZgZ3hV8Rl5YKiN8sxho,2024-05-16
VUONG HOI MART,Iwate,N/A,,,4.3,15,39.2842491,141.1202141,ChIJRXekc3xFj18RitLGfAyoXyc,2024-05-16
株式会社回進堂,Iwate,N/A,,,4.1,245,39.162888,141.1800012,ChIJO--2xcVLj18RTnjyZOHcuqg,2024-05-16
旨味 太助,Miyagi,N/A,,,4.2,1982,38.2648531,140.8698696,ChIJJ8ESVSUoil8R6BhzzI5ceYs,2024-05-16
ジュピター tekuteせんだい店,Miyagi,仙台市,,,3.8,142,38.2601926,140.8820438,ChIJIQAgjxgoil8RYfM5ICPjcZ0,2024-05-16
オリジナルラーメンの店中国菜館まんみＴＨＥＭＡＬＬ仙台長町店,Miyagi,N/A,,,3.5,111,38.225836,140.8767894,ChIJX3L8eDMmil8R7ydTBppqxPc,2024-05-16
萬み高橋,Miyagi,N/A,,,4.1,33,38.2646126,140.8685449,ChIJr8sDpzooil8R6TQuoIDHCOU,2024-05-16
komachi こまち,Akita,N/A,,,4.0,2,39.7231483,140.1371539,ChIJbeIjUYjDj18Rt66tsbm_jBA,2024-05-16
稲庭本舗明治佐助商店,Akita,N/A,,,3.7,80,39.6117876,140.2206909,ChIJV0cnVGm_j18RUVo1DmrACMQ,2024-05-16
BÁNH MỲ-TRÀ SỮA-KARAOKE,Tochigi,常総市,,,4.8,28,36.0246098,139.9907079,ChIJ-wztPVGhGGAR-C3UNlrd8Gc,2024-05-16
ベトナム料理アオババ水戸店,Ibaraki,水戸市,,,4.2,163,36.3753381,140.4733891,ChIJI4OApRglImARaecUZ5hXNPw,2024-05-16
Sapa Restaurant ベトナム 料理,Tochigi,筑西市,,,4.2,118,36.3064338,139.9667413,ChIJIdZd5qRVH2ARTJyrcEha4kM,2024-05-16
123 Dzô (モッハイバーヨー),Ibaraki,水戸市,,,4.5,270,36.361846,140.4742947,ChIJc4qgDU4kImAR_2oyj3mxV1s,2024-05-16
KING PHO キングフォー,Ibaraki,つくば市,,,4.3,129,36.0914136,140.1113754,ChIJvXnfksQNImARx0N2D2wqb0Q,2024-05-16
タイ・ベトナム屋台 YUMMY TOMMY,Ibaraki,水戸市,,,4.5,70,36.3772433,140.4634583,ChIJcwgiv08kImARB0rc7Xg2gZE,2024-05-16
chợ việt ibaraki,Ibaraki,N/A,,,4.0,15,36.3054604,139.9780827,ChIJ-dMV5epVH2ARelNESW2xjpA,2024-05-16
VIETNAM SHOP,Ibaraki,結城市,,,3.8,52,36.2536177,139.8691833,ChIJ75rq9rtSH2ARvXOq8Re146A,2024-05-16
ベトナム料理 チャン チャン CHANG CHANG,Ibaraki,N/A,,,4.6,36,36.3670057,140.4703741,ChIJ0Y3MFL0lImAREsZAUv7mR6k,2024-05-16
Xin Chào Việt Nam Utsunomiya シンチャオ ベトナム,Tochigi,N/A,,,4.7,77,36.560168,139.885075,ChIJM7DBTB5nH2AR90aKmVwP4GA,2024-05-16
ベトナムダイニングジャディンGIA ĐÌNH 二号店,Tochigi,宇都宮市,,,4.6,85,36.5595459,139.8965288,ChIJg8VbAAVnH2ARaM8Xw-MLNes,2024-05-16
ベトナム料理&Cafe あおざい,Tochigi,N/A,,,4.6,69,36.6824266,139.7195215,ChIJGf5NWwRzH2AR2jOVeEE5VEM,2024-05-16
Xuân Shop Việt Nhật Utsunomiya Tochigi,Tochigi,N/A,,,4.3,13,36.5544391,139.8988693,ChIJT9K-zrhnH2AR2ydytUMhp0s,2024-05-16
バインミーシンチャオ 亀有店,Tochigi,葛飾区,,,5.0,4,35.7641065,139.8476035,ChIJFevRfQCPGGAR-iBdh5NYhRU,2024-05-16
マコトバインミー,Saitama,板橋区,,,4.8,46,35.7788659,139.630794,ChIJQU59i5XrGGARIyXZtiDVWZU,2024-05-16
バインミーバーバー下赤塚店,Saitama,板橋区,,,4.0,30,35.770765,139.6451277,ChIJJwaHzqntGGARoqEWDoubeSU,2024-05-16
Con Bò Cười,Saitama,さいたま市,,,4.3,43,35.949313,139.639768,ChIJrakOrSLHGGAR_jXnPjHCcHQ,2024-05-16
Hado Coffee - ベトナム料理,Saitama,越谷市,,,4.6,75,35.86509119999999,139.7911209,ChIJlcZQLk6XGGARbFoL1HOaTPo,2024-05-16
ベトナム料理タンマイ,Gunma,前橋市,,,4.1,143,36.4079501,139.0656828,ChIJdRIz_fLzHmARP2q-VZU0qBQ,2024-05-16
Hà Nội Quán,Gunma,N/A,,,4.4,73,36.3417573,139.0118221,ChIJE516D6eNHmARUxFYI65exJY,2024-05-16
ベトナム料理タンマイ古市町店,Gunma,前橋市,,,4.1,53,36.3802066,139.0543571,ChIJ31AAc-XzHmARFMVFZBorNe0,2024-05-16
KINH BAC QUAN,Gunma,高崎市,,,4.3,57,36.3258192,139.0086851,ChIJv6xsaTaNHmARmgJb9h84fUA,2024-05-16
THIEN BAO QUAN 天宝店,Gunma,高崎市,,,4.2,77,36.3296204,139.0143252,ChIJYXqAKsKNHmAR0NCzmvbddT8,2024-05-16
フォー コー トウー(Phở Cô Tư),Gunma,桐生市,,,4.6,43,36.4133748,139.2946123,ChIJY9ZDK2HjHmARRj0T0GNztmc,2024-05-16
Cake - Bếp Mẹ Miu (パン屋),Gunma,太田市,,,5.0,9,36.3336513,139.411633,ChIJuXjla50hH2AR6TWmNUF_YeM,2024-05-16
Vietnam store,Gunma,伊勢崎市,,,4.0,1,36.3180697,139.2073786,ChIJMRlYx1DnHmARqn5TgZ4Id2Q,2024-05-16
Ngan Bui Quán,Gunma,伊勢崎市,,,3.7,15,36.2730828,139.2036579,ChIJOXhTMWTnHmARA0-tjOeUU_k,2024-05-16
TẠP HOÁ LÊ NHI(ベトナム),Gunma,伊勢崎市,,,5.0,6,36.3339056,139.2599656,ChIJrZoWZ4nnHmARvqrzvKxEJBU,2024-05-16
Đồ ăn việt gunma,Gunma,前橋市,,,4.2,6,36.3811508,139.070484,ChIJi-duytPzHmARXkkTjOsOrp4,2024-05-16
フォーの店 Hari Hari,Gunma,高崎市,,,4.2,88,36.3426044,138.9891609,ChIJE6bi7rqNHmARjFLXQpS8dWs,2024-05-16
ベトナム食堂,Gunma,熊谷市,,,4.6,52,36.1633429,139.3178205,ChIJZ3Glp13ZHmARhxW96q4fvKA,2024-05-16
Cafe Maemi,Gunma,前橋市,,,4.6,48,36.3821424,139.0723867,ChIJt7YuwhPzHmARjflb7ng8tm4,2024-05-16
ベトナムレストランNGON-2号店,Saitama,さいたま市,,,4.4,106,35.9088404,139.6260448,ChIJSZDpr9_BGGARRuDSQr1Dux8,2024-05-16
ベトナム居酒屋ニャウ Nhau Thien An,Saitama,川口市,,,3.8,91,35.8159609,139.7048484,ChIJdZ0iAtiVGGARbPHbZBqS9uw,2024-05-16
17SURF Bagel,Saitama,さいたま市,,,4.3,18,35.910143,139.6304653,ChIJ41BsCiTBGGARS5TrU_zO1bU,2024-05-16
麻凛堂,Saitama,さいたま市,,,4.2,116,35.8544632,139.6381291,ChIJpZyZ13fqGGAR41xBv4NTUXg,2024-05-16
フォーハノイ 草加 ( PHỞ HÀ NỘI soka ) QUÁN VIỆT NAM,Saitama,草加市,,,4.4,55,35.830261,139.8251312,ChIJQbNwGCORGGARpNFMpLfkJQg,2024-05-16
チャンクインベトナムレストラン,Saitama,N/A,,,4.0,66,35.9080364,139.4842499,ChIJ0Zcrf5vbGGARZ8QtJ0q9VFo,2024-05-16
Cửa Hàng Việt Nam tại Nhật Bản,Chiba,N/A,,,3.9,64,35.6159602,140.114489,ChIJTVHf7IGFImAReAV5hyeRkbQ,2024-05-16
アジア、ベトナム食品販売店 TU THAO,Chiba,N/A,,,4.6,12,35.6809318,140.0222444,ChIJn_0-Ar6BImARBK_ha_-rfq0,2024-05-16
3TEA,Chiba,八千代市,,,4.2,35,35.7010372,140.0896025,ChIJoXCIJQiBImARmFfk4u2g_Nw,2024-05-16
ゴン クアン ベトナムレストラン,Chiba,N/A,,,3.8,54,35.7002176,140.0899262,ChIJBZkG54-BImAR7CP32zb4p3g,2024-05-16
Thuy's Kitchen,Chiba,N/A,,,4.7,24,35.7318646,140.0606765,ChIJo_tuQYN_ImAR0cffH3QIl2U,2024-05-16
egMART Asian Store イージーマートアジアンストア Halal Food,Chiba,千葉市,,,4.2,18,35.6062811,140.1120036,ChIJdcJ6jjuFImARMaOxjcSD7-U,2024-05-16
Quê Hương Quán(フルサトレストラン),Chiba,N/A,,,4.4,58,35.7290565,139.9103138,ChIJsxNig9eHGGAR3LF_NjtYBLU,2024-05-16
DINING BAGOOS,Chiba,N/A,,,4.4,108,35.6354694,140.1074889,ChIJVZ9-4IaEImARcg8P28y1Dds,2024-05-16
Bánh mì Minh Minh,Kanagawa,川崎市,,,4.3,4,35.5268592,139.6982112,ChIJQ8WhuWlhGGARh7n8vmuQlM8,2024-05-16
BUY ME STAND MOTOMACHI × 405FACTORY,Kanagawa,横浜市,,,4.2,243,35.4392369,139.6496512,ChIJ0wVHLeBcGGARzpxhSJXIvXE,2024-05-16
フォーミン,Kanagawa,横浜市,,,4.4,264,35.4957412,139.6659284,ChIJ8QBmBTZdGGARANspqeAnKxM,2024-05-16
湘南バインミーAZ（アズ）,Kanagawa,N/A,,,4.3,41,35.3111419,139.4880119,ChIJgVmFFd1TGGARV6l0fS59cwQ,2024-05-16
CAFÉ GIẢNG,Kanagawa,横浜市,,,4.2,410,35.4439308,139.6473015,ChIJvY7aG-NcGGAR36fyk4TchiQ,2024-05-16
Phở MQS(フォーMQS),Kanagawa,N/A,,,4.5,74,35.5066943,139.3425118,ChIJW6j1nY0BGWARy0yO_3Kqcjw,2024-05-16
金沢エムザ,Ishikawa,金沢市,,,3.7,2299,36.5720051,136.655011,ChIJq6qqKXAz-F8RU4E7PZUZtMQ,2024-05-16
箔一 金沢百番街店,Ishikawa,金沢市,,,3.6,14,36.5778115,136.6473286,ChIJY43m8UEz-F8Rehjd0ChyZVM,2024-05-16
黒門小路,Ishikawa,金沢市,,,4.0,131,36.5714788,136.6550526,ChIJ4zk7JXAz-F8RrCAXgjpn7C0,2024-05-16
近江町市場寿し 本店,Ishikawa,N/A,,,3.9,1653,36.5716377,136.6568028,ChIJG3zutHEz-F8RijLMdOO5tCg,2024-05-16
カジマート 金沢エムザ店,Ishikawa,N/A,,,3.7,45,36.57271800000001,136.654941,ChIJL0KVKHAz-F8RI0ynGKjMV74,2024-05-16
箔一 東山店,Ishikawa,金沢市,,,4.1,693,36.5723257,136.6664205,ChIJ12QUl3Qz-F8Rf8aIc9cRDwc,2024-05-16
近江町市場,Ishikawa,金沢市,,,4.0,16268,36.5717335,136.6558651,ChIJ0xPT93Az-F8RpTSlbHwo9L8,2024-05-16
箔一（本店 箔巧館）,Ishikawa,金沢市,,,4.0,735,36.5612495,136.5979964,ChIJkQIhNNs0-F8R0xRgYmsdXQE,2024-05-16
鰻 にょろ助 金沢片町店,Ishikawa,金沢市,,,4.3,89,36.5603175,136.6499711,ChIJvcyVlRg1-F8R6EIhCYvaXMs,2024-05-16
ハピリン,Fukui,福井市,,,3.7,2373,36.0612834,136.2222364,ChIJqahFKO2--F8RZ7Yb1Ikqdo0,2024-05-16
西武福井店,Fukui,福井市,,,3.6,1683,36.0618363,136.2190851,ChIJsyf7hOy--F8RLuJ3OwrdCgs,2024-05-16
富士山みはらし,Yamanashi,富士吉田市,,,4.1,195,35.3945929,138.7334118,ChIJadzTaRNiGWARprfnABdRij0,2024-05-16
カメリアニコティー,Yamanashi,北杜市,,,4.4,51,35.8622348,138.3576424,ChIJj6dcVhhDHGARaOXj1_SOl84,2024-05-16
金精軒 本店,Yamanashi,甲府市,,,4.0,139,35.653294,138.5704535,ChIJpcMvmcL5G2ARnfawvUjsdfI,2024-05-16
築地銀だこ,Nagano,N/A,,,3.0,27,36.64393,138.188916,ChIJA9ZG_DiHHWARoqL2xdX6Ylk,2024-05-16
MIDORI 長野,Nagano,長野市,,,3.9,2293,36.6436514,138.1887931,ChIJ__8_l5KGHWAR6PEjeIsa2qw,2024-05-16
AFTERS STORE,Nagano,長野市,,,3.6,31,36.6087696,138.1882064,ChIJVVXBlRWEHWAR1YMegeW819I,2024-05-16
yoknel,Gifu,N/A,,,5.0,13,35.426537,136.762348,ChIJj8UvijipA2ARpa0_c6llMm4,2024-05-16
Maru Sand／マルサンド,Gifu,岐阜市,,,4.5,13,35.4520489,136.8468187,ChIJc1pF2sgHA2ARNnp76VmVvYg,2024-05-16
本格インド＆ベトナム料理 ラサマンダ,Gifu,岐阜市,,,4.3,387,35.41085169999999,136.7384331,ChIJmRNyfrCuA2AR8qnF8NumFpA,2024-05-16
Cửa hàng Việt Nam yamagatashi-gifu,Mie,山県市,,,0.0,0,35.5200415,136.7882642,ChIJuYV7xmSrA2ARrrkFAqgyDQQ,2024-05-16
ボンフレール,Shizuoka,静岡市,,,4.4,16,35.0416598,138.4517108,ChIJ4eLdkBk1GmARFR_98eiJwQs,2024-05-16
サイ ゴン ワン,Shizuoka,富士市,,,3.8,37,35.1559449,138.6511473,ChIJUQgu_AwrGmARqiYHHRunv7k,2024-05-16
suika chan,Shizuoka,焼津市,,,4.4,17,34.8654753,138.322162,ChIJQcygt_1HGmAR5NxIxqwPruE,2024-05-16
バインミーゴンゴン 浜松店,Shizuoka,N/A,,,4.1,80,34.7039383,137.736165,ChIJ539Bb2ffGmARsScFApWip24,2024-05-16
Nha Viet Nam 名古屋店,Mie,名古屋市,,,3.5,265,35.1677384,136.880521,ChIJNUCO2-Z2A2AR9VxegaOLo5Q,2024-05-16
ティーとバインミーの専門店DEDINO（デリノ）,Aichi,名古屋市,,,5.0,1,35.1584017,136.9068237,ChIJBbI4TgBxA2ARi9Y6cU7iR0I,2024-05-16
LADO,Aichi,碧南市,,,4.3,153,34.8844827,136.9911416,ChIJOzQG316RBGARUlAB7V6zzRg,2024-05-16
ベトナムデリ珈琲 名古屋松坂屋店,Aichi,N/A,,,3.3,25,35.1645981,136.9074509,ChIJd00eQydxA2ARIRvfk7Dt17c,2024-05-16
フォーゴン 栄店,Aichi,名古屋市,,,4.1,294,35.1669113,136.9052718,ChIJO9nybdBwA2AR9jKKVIQg9eo,2024-05-16
ベトナムマーケット,Aichi,名古屋市,,,3.7,3,35.1597382,136.8980357,ChIJlef-ubl3A2ARLTSI9FRTkEI,2024-05-16
DIEM HEN CỘNG ĐỒNG QUÁN,Aichi,N/A,,,4.0,6,35.2982742,136.9348336,ChIJE2J54LUNA2AR7TFKbc6ZkDY,2024-05-16
Phở 8 Kuwana フォー 8 桑名,Mie,桑名市,,,4.9,136,35.0658295,136.6928268,ChIJR4Lw-SGbA2ARMAd6NMlNtQM,2024-05-16
オーバーナイト,Mie,四日市市,,,4.7,113,34.9682692,136.6208367,ChIJPZQ_nSCPA2ARyHJ6BXyLiN8,2024-05-16
ベトナムコーヒー モク,Mie,津市,,,4.4,82,34.7198868,136.5067299,ChIJDXO4JdoNBGARhNDpyYyNkjM,2024-05-16
フォーサイゴン,Mie,四日市市,,,3.9,76,35.0071959,136.6498758,ChIJI-L5EVSPA2ARfBrQXJ1K3SY,2024-05-16
Cafe & Bánh mi OVân,Shiga,八尾市,,,4.9,15,34.6149618,135.6075993,ChIJAQDpqlsnAWARc0R_mENS7sg,2024-05-16
NANG HARERUYA 晴れる屋,Mie,名古屋市,,,4.6,43,35.1421545,136.9055737,ChIJ_TwT76txA2ARaPjRLpzi5D8,2024-05-16
YAKUME BAKERY,Shiga,甲賀市,,,4.5,121,34.8759237,136.0533582,ChIJ0UCATcxCAWARzPGGZ0LrROc,2024-05-16
ラ コリーナ近江八幡,Shiga,近江八幡市,,,4.1,15245,35.1488952,136.0913848,ChIJ92haAZx5AWAR0rtCXekZae4,2024-05-16
XUÂN SHOP SHIGA,Shiga,大津市,,,4.6,8,34.9868234,135.9278536,ChIJk9KuG35zAWARqUj7jExjHCg,2024-05-16
三井アウトレットパーク 滋賀竜王,Shiga,竜王町,,,3.9,9957,35.0598833,136.1002933,ChIJVVVV6tNkAWARGOFfVIqsyVw,2024-05-16
ROKUSHORE,Shiga,日野町,,,4.4,29,35.0117491,136.2672117,ChIJCXAQbfTfA2AROjQC-CwhsFM,2024-05-16
マチ,Shiga,京都市,,,4.9,16,35.0153482,135.7734092,ChIJSeG1cKEJAWARBuZyG-3p-5U,2024-05-16
近江牛 毛利志満 近江八幡本店,Shiga,近江八幡市,,,4.3,1375,35.0974194,136.1013668,ChIJYTO79gZ7AWAR2G_4X-CslUg,2024-05-16
BÁNH MÌ NỔ － バインミー ノ,Osaka,大阪市,,,4.9,28,34.6285268,135.4907821,ChIJY5AXWgDdAGAR2aSfj4BMcX4,2024-05-16
BAMI BABY Bánh Mì- Trà Sữa(タピオカ、バインミ),Osaka,N/A,,,4.8,12,34.653568,135.4942906,ChIJV-NHbADnAGARttrCDBkL6v8,2024-05-16
和歌山中華そば 丸美商店,Wakayama,和歌山市,,,3.8,721,34.2321061,135.1911398,ChIJG7YHhyazAGAREu47bdnyG1M,2024-05-16
井出商店,Wakayama,N/A,,,3.7,3921,34.2284698,135.1895124,ChIJF6Skpq-yAGARldscCzb4ad8,2024-05-16
お米のいいなり おにぎりと米粉カヌレのお店,Wakayama,N/A,,,4.7,33,34.2187542,135.1691257,ChIJ4c8Qj3GzAGARUJIN16rO7ek,2024-05-16
キーノ和歌山,Wakayama,N/A,,,3.9,874,34.2361653,135.1667202,ChIJD2uv_yCzAGARJ3WqC3D8OOs,2024-05-16
中華そばまるみ,Wakayama,N/A,,,3.8,112,34.2429321,135.1861332,ChIJj_dvZOKyAGAR949BqybCcmo,2024-05-16
マンサダパン日和,Wakayama,有田川町,,,4.0,128,34.0521577,135.2419825,ChIJ96MiGvFGB2ARhD3pz9F3ky0,2024-05-16
蔦屋書店 和歌山市民図書館店,Wakayama,和歌山市,,,4.4,69,34.2367241,135.1675279,ChIJweOPKfOzAGARDRU7z1CuGts,2024-05-16
ＱＵＡＮ ＶＩＥＴ ＮＡＭ ＰＨＯ３３３,Wakayama,八尾市,,,4.0,36,34.6166168,135.6080901,ChIJ34EHjFonAWARyGRfwqNTrTg,2024-05-16
VIE DE FRANCE 鳥取店,Tottori,鳥取市,,,3.7,65,35.4943354,134.2249443,ChIJgZgAQMOPVTURZsR_nR_Uq4U,2024-05-16
みたき園,Tottori,N/A,,,4.5,390,35.2898409,134.3122871,ChIJYQGlGxWiVTURs41BpDBEtnQ,2024-05-16
鳥取駅,Tottori,鳥取市,,,3.8,531,35.4939993,134.2258965,ChIJd0V_EMOPVTURA_1-AefTNBA,2024-05-16
郡家駅,Tottori,八頭町,,,4.0,64,35.4132281,134.2513646,ChIJEas-AwmaVTURd4JA1z3xmD0,2024-05-16
HONEY VIF,Shimane,出雲市,,,4.2,49,35.3701389,132.7586282,ChIJISA1xpBDVzURQTKcWECVEd8,2024-05-16
串焼と釜飯 こさと,Shimane,松江市,,,4.2,101,35.4577225,133.0841134,ChIJdVgT9X4FVzURdNa3qJWT7x0,2024-05-16
Sai Gon Bakery,Shimane,福山市,,,4.6,19,34.4876224,133.3677908,ChIJ7Yy4uGoRUTURaIq70sej1Dc,2024-05-16
じとっこ組合 松江駅前店,Shimane,松江市,,,3.8,208,35.4646865,133.0595423,ChIJMcAo7OIEVzURPHEcbSP5Yks,2024-05-16
RIDE·DINER,Hiroshima,広島市,,,4.3,274,34.3969991,132.4481231,ChIJ2fxjKXKiWjURVSx9IR45Ey4,2024-05-16
みっちゃん総本店 福屋八丁堀地下店,Hiroshima,広島市,,,4.0,276,34.3932304,132.4625817,ChIJbajzqgiiWjUR2BmSDNohrqk,2024-05-16
みっちゃん総本店 八丁堀本店,Hiroshima,広島市,,,4.0,2376,34.3957125,132.4635489,ChIJfS4-xgeiWjUR1J-uIF_hPns,2024-05-16
新天地 みっちゃん,Hiroshima,広島市,,,4.1,670,34.3910637,132.4628981,ChIJPwOMgQWiWjUR4YXUS2fx3-M,2024-05-16
ekie 広島,Hiroshima,広島市,,,4.0,572,34.3980311,132.4755643,ChIJ52PLPm2fWjURdICPML_Z3XU,2024-05-16
焼肉 味美,Hiroshima,広島市,,,4.5,56,34.3916409,132.4642594,ChIJOwQNxwWiWjURNMOXs6sEhkU,2024-05-16
ケンビーズ ブリュー パブ,Hiroshima,広島市,,,4.3,651,34.3914568,132.4552479,ChIJr5rzhxKiWjURKDYEhjxF8PY,2024-05-16
BANH MY NON,Yamaguchi,北九州市,,,4.8,28,33.877921,130.8883346,ChIJFRUAkiW_QzURvE5BlVSjrRo,2024-05-16
RICE & WHEAT,Yamaguchi,岩国市,,,4.8,38,34.1678664,132.2220622,ChIJB-LN3qs1RTUR4SGOS0QBkDM,2024-05-16
長州苑,Yamaguchi,山口市,,,3.7,255,34.1897613,131.4741322,ChIJtxNwsamXRDURPFP2AijgTBo,2024-05-16
VIE DE FRANCE 徳島店,Tokushima,徳島市,,,3.4,55,34.0744973,134.551113,ChIJq0vH1LdtUzURdhNhnhrVZPI,2024-05-16
ベーカー・アミ,Tokushima,藍住町,,,4.3,129,34.1211661,134.4786089,ChIJ2WVGP39zUzURwn_j4Jmcpc0,2024-05-16
のもん徳島,Tokushima,N/A,,,3.7,10,34.0743375,134.5511498,ChIJ5VnEbX1tUzUReb1vFGWd4bc,2024-05-16
LJ エル ジェイ,Tokushima,徳島市,,,4.7,37,34.1097565,134.5771112,ChIJi2kb0VptUzUR3tk1BQeKLNw,2024-05-16
たねまる,Kochi,N/A,,,4.1,38,33.5583964,133.5270635,ChIJiXxoAiQZTjURGrXm84lOQAM,2024-05-16
とさ市場,Kochi,N/A,,,3.7,655,33.5608837,133.542479,ChIJP7A9yUkZTjURg2nVMiN2Cp4,2024-05-16
SOUTH HORIZON BREWING,Kochi,高知市,,,3.8,86,33.5122872,133.588459,ChIJYwpR16gbTjURtr9tmkhh7L0,2024-05-16
パン茶屋 むぎまる,Kochi,高知市,,,3.9,181,33.5647347,133.4937284,ChIJOZVMMUkZTjURDzBvVexpIzw,2024-05-16
ビッグサン,Kochi,南国市,,,3.6,16,33.5477541,133.6737697,ChIJg2zQrf8CTjURECM0opKw4W8,2024-05-16
ちゃんフォー,Kochi,安芸市,,,4.5,39,33.5026384,133.9024209,ChIJrS6N9wADTjURqO2xLCH7kOA,2024-05-16
Bánh Mì Núi バインミーヌイ,Kochi,佐川町,,,5.0,2,33.47551540000001,133.2857887,ChIJz2tNatI3TjURGzNCIwQjhes,2024-05-16
Kao Bakery,Fukuoka,福岡市,,,4.0,81,33.5833832,130.4160936,ChIJ38DkMYyRQTURIUcZQtk3kpU,2024-05-16
DIG INN,Saga,福岡市,,,4.3,152,33.5791787,130.4054357,ChIJHd5ICu6RQTURf-EzbmmjkRI,2024-05-16
Sixpines Sandwiches,Fukuoka,福岡市,,,4.6,61,33.576477,130.3745652,ChIJy_EM19uTQTURJEWEkyYWi-I,2024-05-16
Tạp hoá Omuta -Tô gô Quán-ベトナム料理大牟田店,Saga,大牟田市,,,3.8,11,33.0279955,130.4420287,ChIJhZumQqBPQDURdkTWn1pr5Bg,2024-05-16
"Siêu thị mini, Tạp Hóa Việt Nam, Thái Lan, Nhà hàng Phở. ナンサイゴン糸島 Nắng Sài Gòn itoshima",Saga,糸島市,,,4.9,129,33.5480599,130.1819091,ChIJoX5GlYvDQTURBbyDP-D5DQ0,2024-05-16
Hà Nội 1991 - ベトナム・カフェ&レストラン,Saga,久留米市,,,3.9,28,33.3111956,130.5198083,ChIJd-KRXvilQTURFtDXiIjd0fM,2024-05-16
佐賀駅,Saga,佐賀市,,,3.7,451,33.2641763,130.2973968,ChIJRyNXXxLKQTURz8UphAHPWhY,2024-05-16
サンドイッチのテイクアウト専門店ズッペン,Saga,みやま市,,,3.9,11,33.171637,130.5084863,ChIJI3LVCBOtQTUReDKyVdJxJrw,2024-05-16
Bread&Bagel SHIMA SHIMA,Nagasaki,N/A,,,3.6,22,32.7751755,129.8576165,ChIJxShwLfutajUR7lrTf-xTnPs,2024-05-16
ブルズキッチン アミュプラザ長崎店,Nagasaki,N/A,,,3.7,323,32.7519041,129.8707156,ChIJL1-lpztTFTUR7G3-mcV6AWk,2024-05-16
文明堂総本店 江戸町本店,Nagasaki,長崎市,,,4.3,472,32.7456242,129.8724277,ChIJcxUS7D1TFTURIj8UBjRnvh4,2024-05-16
長崎新地中華街,Nagasaki,N/A,,,3.7,7698,32.7417024,129.8755941,ChIJK3MfoRVTFTURFhFVj6JIlxE,2024-05-16
林檎堂 JR熊本駅店,Kumamoto,熊本市,,,4.5,21,32.7900876,130.6883624,ChIJGTDZYArzQDUR9yN41gCCGDU,2024-05-16
肥後よかモン市場,Kumamoto,熊本市,,,4.0,572,32.7897582,130.6882638,ChIJz2M421j0QDURzHm8HcteSls,2024-05-16
くまモンビレッジ,Kumamoto,N/A,,,4.2,66,32.8005269,130.703635,ChIJUYUjiqX1QDUReepoWe0IuUQ,2024-05-16
もなりお,Kumamoto,N/A,,,4.0,26,32.8035199,130.7038935,ChIJ6Smg7xL0QDURjm6GjnZlL3Q,2024-05-16
いきなりやわたなべ 熊本城 桜の小路店,Kumamoto,N/A,,,3.5,41,32.8036082,130.7037595,ChIJk_l6z2z0QDURgbTZzQb3G40,2024-05-16
阿蘇庭 山見茶屋,Kumamoto,熊本市,,,4.2,254,32.8038279,130.703988,ChIJ__8D8RL0QDURQAKvKSHNCFw,2024-05-16
おだ商店 熊本駅店,Kumamoto,N/A,,,4.4,12,32.7897843,130.6883301,ChIJs_F1flj0QDURfjavDjUTF3E,2024-05-16
【はちみつの杉養蜂園】熊本駅 肥後よかモン市場店,Kumamoto,N/A,,,4.3,9,32.7898753,130.6883986,ChIJ4Vkjj1j0QDURlBRiWGaVn1M,2024-05-16
豊後牛ステーキの店 そむり 別府本店,Oita,N/A,,,4.2,545,33.2779854,131.5043362,ChIJmxeEzdymRjURq0Hpjk_3ZEM,2024-05-16
micoベーグル,Miyazaki,宮崎市,,,4.3,24,31.8599931,131.4280828,ChIJ821nTeK3ODURg2j9eGL0NWM,2024-05-16
マイ・サンドイッチ,Miyazaki,宮崎市,,,4.6,37,31.9202607,131.4226713,ChIJSSr8xkC3ODUR-AzhIPFE2QY,2024-05-16
Patisserie Sin（パティスリーシン）,Miyazaki,宮崎市,,,4.4,17,31.9142684,131.3958212,ChIJvXhPVRS3ODURLcogCAOj06M,2024-05-16
みやざき物産館 KONNE(こんね),Miyazaki,宮崎市,,,3.9,476,31.9105875,131.4246177,ChIJqSXadWy3ODUR1It7lvBmimg,2024-05-16
ちゃぶや咖喱堂,Kagoshima,鹿児島市,,,4.3,108,31.5703317,130.5481021,ChIJu8F70n5nPjURPZjQjDt_5aU,2024-05-16
麺歩 バガボンド,Kagoshima,鹿児島市,,,4.2,671,31.59745259999999,130.5580552,ChIJMcjVegZePjURDS6tCIEoWOg,2024-05-16
カゴマニア,Kagoshima,鹿児島市,,,4.5,99,31.58737919999999,130.5420586,ChIJi3c0v1pnPjURYY7fptVTdUA,2024-05-16
ミス·サイゴン,Kagoshima,霧島市,,,4.1,120,31.7359475,130.7674342,ChIJc8ORxGL7PjURTWdfpp3cCJY,2024-05-16
